,PCC_BRCA,PCC_CCRCC,PCC_COAD,PCC_GBM,PCC_HCC,PCC_HNSCC,PCC_LSCC,PCC_LUAD,PCC_OV,PCC_PDAC,PCC_UCEC,seq_simi,PPI,STY
ENSG00000102225.16|ENSP00000349762.4|S119|EDINKRLSLPADIRL|1*ENSG00000167978.17|ENSP00000301740.8|S1329|LRENSFGSPLEFRNS|1,0.0523506906209639,0.4726858887079684,,-0.4399979101775245,,0.268905611263755,0.0820546460326535,0.0807682352471172,,0.6770263754303856,0.4215706821154767,-24,,1
ENSG00000135525.18|ENSP00000346581.2|S209|SSATLLNSPDRARRL|1*ENSG00000141577.14|ENSP00000269392.4|S47|KPIVRSVSVVTGSEQ|1,0.5549678936305866,-0.1946956347199158,,0.0844703936689515,-0.0980370136007245,-0.222214839413982,-0.4836604388914343,-0.0269612094469464,0.4756270083540647,0.0552342770834528,0.456254623893672,-18,,1
ENSG00000175130.7|ENSP00000362638.4|T148|QEGKAAATPESQEPQ|1*ENSG00000152270.9|ENSP00000282096.4|S318|CKIFRRPSLPCISRE|1,0.1008092102099432,,-0.1544134995028201,-0.3048851834434526,-0.0816843585937215,-0.0404655321849949,,-0.3050125396894108,,0.0117969275807101,-0.016545062348775,-20,0.0,1
ENSG00000140992.19|ENSP00000344220.4|S241|SKQARANSFVGTAQY|1*ENSG00000087206.17|ENSP00000421926.1|S677|TRRDLNESPVKSFVS|1,0.1408833368184913,0.0529547414115606,,-0.1954354296159352,-0.1964308603991863,-0.0426122109876058,0.0806424893465314,-0.0380823125278009,-0.1578110040911503,0.1270035104782929,0.0422687962777388,-9,,1
ENSG00000103319.12|ENSP00000263026.5|S500|RLHLPRASAVALEVQ|1*ENSG00000146670.10|ENSP00000275517.3|S21|RSGPRAPSPTKPLRR|1,-0.1486645307257385,,0.1190919691652245,,0.0292530780443403,0.3727847922497617,,,,0.401746924372281,,-16,0.0454545454545454,1
ENSG00000106211.9|ENSP00000248553.6|S176|MPKLATQSNEITIPV|1*ENSG00000064651.14|ENSP00000262461.2|T217|LRTFGHNTMDAVPRI|1,-0.0828210982551365,,-0.0052623275337073,0.0575736858262893,,0.2302226348147413,0.2671837508093313,0.1188259433005512,0.0707456204703557,0.18354629385596,0.3831478053704062,-6,0.0,1
ENSG00000174371.17|ENSP00000355506.3|S714|CNIKLLDSQSDQTSK|1*ENSG00000104419.16|ENSP00000319977.8|T328|TRLMRSRTASGSSVT|1,-0.2189423535322538,,,,,,,,,,,-6,,1
ENSG00000076382.17|ENSP00000323300.5|S135|KTIVLVPSPLGQQQD|1*ENSG00000106571.14|ENSP00000379258.3|S865|YLSSRRSSGISPCFS|1,0.0638288743752007,,,,,0.2063534514838949,-0.2143640044541073,0.1710883132918353,,,,-20,0.0,1
ENSG00000197958.13|ENSP00000354739.5|S38|KIGPLGLSPKKVGDD|1*ENSG00000196419.12|ENSP00000352257.4|S27|QEENLEASGDYKYSG|1,-0.1516284051573856,-0.1095518481644252,0.0547051988662616,-0.4468870794046038,0.0917212872542863,-0.196717653723089,-0.1302021289113009,0.3108196114505058,-0.004451771462164,-0.0644636599648108,-0.3481860569961806,-16,0.0952380952380952,1
ENSG00000152422.16|ENSP00000421491.1|S260|KDDSIISSLDVTDIA|1*ENSG00000163904.13|ENSP00000296257.5|S344|GLLRRKVSIIETKEK|1,-0.3494474066049168,0.0044952733082351,,-0.1011751931382484,,0.1463409592062623,0.0722587146140763,-0.1134020677338134,,0.226514916183508,0.4102132077992719,-22,,1
ENSG00000111540.16|ENSP00000353444.5|S123|KELQRQASPSIVIAL|1*ENSG00000239306.5|ENSP00000311747.5|S618|LSDYRRLSESQLSFR|1,0.3005770833985277,,0.1436022553699009,-0.0142426774904381,-0.1992603221366989,-0.0053604060236327,-0.1176979050956394,-0.0663671455539429,-0.1260572810586074,-0.0097369821066088,0.1209439969453048,-7,,1
ENSG00000132356.11|ENSP00000380317.2|T490|EAKSGTATPQRSGSV|1*ENSG00000166592.12|ENSP00000299759.6|S273|AGTRRRESLGKKAKR|1,0.4028701354693984,,-0.1617229567714838,-0.0079824225699535,-0.2226306282043963,,-0.0590748554840486,0.6902781263779303,,-0.2246939565997941,-0.0816477238475748,-13,,1
ENSG00000197892.13|ENSP00000427900.1|S1410|SNKGRWESQQDVSQT|1*ENSG00000026025.16|ENSP00000224237.5|S459|GQVINETSQHHDDLE|1,0.3791374767507707,0.4327940554672344,0.0791576666239475,-0.08565940917748,0.2291390829328979,-0.0466251508589365,-0.1244276891689992,-0.3276383916389417,-0.0653589204788775,-0.166491364754322,0.2146185493200872,-12,,1
ENSG00000102098.19|ENSP00000251900.4|S511|VPYVVPLSPKLPKTK|1*ENSG00000132382.14|ENSP00000254718.4|S1310|SLVIRSPSLLQSGAK|1,0.0534432166109663,-0.0438975624432741,,-0.0380801814380875,-0.0552924106946998,-0.3251522680529778,-0.2582890140153758,0.0202739319677312,,0.1036637577235272,-0.0251328520608307,-15,,1
ENSG00000138639.18|ENSP00000378611.1|S437|SGIVTNGSFSSSNAE|1*ENSG00000112742.10|ENSP00000358813.2|S821|GQLVGLNSPNSILKA|1,-0.0455060429532979,,,,,,-0.2794271937130362,0.2853027116260733,,,,-7,0.0,1
ENSG00000128016.7|ENSP00000469647.2|S186|PVLRQSISFSGLPSG|1*ENSG00000111540.16|ENSP00000353444.5|S123|KELQRQASPSIVIAL|1,0.0100304101037271,,-0.4169132711191866,0.3048282377055903,0.145922338397584,-0.1940940952372,0.0002824881937023,0.1312948779533876,,0.0522781601849024,-0.3280999524320243,-7,0.0,1
ENSG00000151929.10|ENSP00000358081.4|S289|RSSTPLHSPSPIRVH|1*ENSG00000113368.12|ENSP00000261366.5|S405|VTVSRASSSRSVRTT|1,-0.0696024039529658,,0.0439549819024146,-0.1584624726024743,,-0.2372604089832467,,-0.3531219923634444,,,,-4,0.0344827586206896,1
ENSG00000198901.14|ENSP00000377793.3|T481|RRGLAPNTPGKARKL|1*ENSG00000130770.18|ENSP00000335203.5|S39|NVDRGAGSIREAGGA|1,-0.1670145587847171,0.0439462543678344,,-0.1946629391487225,,,,,,0.0522554398480242,,-12,0.0,1
ENSG00000144909.8|ENSP00000296220.5|S189|PISQRRPSQNAISFF|1*ENSG00000150995.19|ENSP00000497605.1|S1598|RNAARRDSVLAASRD|1,-0.4547205120989136,-0.0581619461349215,-0.169574802905143,-0.0113615051994528,0.2376798341531748,-0.0666929526083712,0.3373722164665781,0.0090249207615581,0.2638204729030319,-0.2798350312923414,0.2086529634947392,0,,1
ENSG00000005156.12|ENSP00000367787.3|S210|TTTGQVTSPVKGASF|1*ENSG00000150995.19|ENSP00000497605.1|S1764|RPSGRRESLTSFGNG|1,0.1083734364358573,,-0.1390041252727542,0.4123803989382659,0.2292206475705289,0.3583577047279941,0.4482810208206975,-0.2105816497356147,0.1686260731777158,0.1108406353666159,0.3907006030214885,-6,,1
ENSG00000087253.13|ENSP00000262134.5|S34|PMVPRQASFFPPPVP|1*ENSG00000197822.11|ENSP00000379719.2|T404|HYETDYTTGGESCDE|1,-0.1492158907993606,,,,,,0.0061098675265446,-0.2009563224103536,-0.1895472143066722,,-0.2439111117549267,-24,,1
ENSG00000101057.16|ENSP00000217026.4|T494|TPLHRDKTPLHQKHA|1*ENSG00000087253.13|ENSP00000262134.5|S34|PMVPRQASFFPPPVP|1,-0.274659239752315,,,,,,,,,,,-12,,1
ENSG00000138180.16|ENSP00000360540.3|S425|NREKVAASPKSPTAA|1*ENSG00000131016.17|ENSP00000384537.2|S732|TDGILAGSQEHDPGQ|1,-0.2562841031978454,,,,,,,,,-0.2537197057519766,,-6,0.1875,1
ENSG00000058272.19|ENSP00000389168.2|S445|LGLRKTGSYGALAEI|1*ENSG00000181163.13|ENSP00000296930.5|T199|VKKSIRDTPAKNAQK|1,-0.2164231850373504,-0.0372426446230036,0.2974846093491649,-0.1779994013022497,-0.1322834496040727,-0.1816458867086117,0.2564056971660158,-0.2540150595696377,0.1468959003027765,0.4221262992449933,-0.3524524063731095,-13,0.0701754385964912,1
ENSG00000135334.9|ENSP00000257787.5|S21|DPLLSPASPKRRRCA|1*ENSG00000066044.15|ENSP00000385269.1|S100|VSYARPSSEVIKDAN|1,-0.188009610392406,,,,,,0.0719854530879208,,,-0.1728324342242805,0.4532613731041618,-7,0.0,1
ENSG00000156136.10|ENSP00000286648.5|S15|SCPSFSASSEGTRIK|1*ENSG00000175354.20|ENSP00000311857.3|S304|LSPAFDHSPNKIMTE|1,-0.3874126176302553,,0.2963778560170541,-0.1223789213800697,-0.1530876714966806,-0.1984580508743837,-0.3527345653505009,,0.303330763117292,,,4,0.0,1
ENSG00000181163.13|ENSP00000296930.5|T219|KDSKPSSTPRSKGQE|1*ENSG00000115232.14|ENSP00000380227.2|S1021|QEENRRDSWSYINSK|1,-0.1393428663819856,,-0.1121942096700303,0.1098120627747808,-0.0336995338368051,-0.0379195703513132,0.0628368024586486,-0.1379510983738096,-0.214175128379757,0.0509223761944187,-0.3219941121496766,-9,0.0416666666666666,1
ENSG00000002834.18|ENSP00000325240.6|S146|MEPERRDSQDGSSYR|1*ENSG00000175130.7|ENSP00000362638.4|S71|AIEPAPPSQGAEAKG|1,0.5364083004598913,0.1295432036003903,0.702974964594419,0.0101665246609337,,0.18863172742502,0.0387284054347159,-0.2379555081456268,,,0.110267341574835,-9,0.0,1
ENSG00000134308.14|ENSP00000238081.3|S232|LTLWTSDSAGEECDA|1*ENSG00000099783.12|ENSP00000325376.2|S432|HGMDRVGSEIERMGL|1,0.0847951759291954,-0.2388443052886116,0.0583876869152098,0.2484582001522144,-0.144547295414593,0.4675770412229044,-0.1293964475803692,0.4153547801412898,,0.1628012334252436,-0.0230130348033611,-14,,1
ENSG00000076248.11|ENSP00000242576.3|T60|AGQEEPGTPPSSPLS|1*ENSG00000185811.19|ENSP00000331614.3|S361|LAEGTPRSNHSAQDS|1,0.1117136522517996,,,,,-0.0582078002567055,-0.3112061475333511,-0.2079232831095133,,,,3,0.0434782608695652,1
ENSG00000131016.17|ENSP00000384537.2|S698|RARRGSSSDEEGGPK|1*ENSG00000130592.16|ENSP00000308383.4|S252|PKLARQASIELPSMA|1,-0.0385149552735277,-0.1849313198560498,0.0726863816654986,-0.4111484810019898,-0.0750648964450758,-0.1750183784803436,-0.1621670886909066,-0.2055931537558646,0.0691746783790594,0.0108439611122142,0.0516516856006473,-13,,1
ENSG00000162734.13|ENSP00000353660.5|S104|TKLTRIPSAKKYKDI|1*ENSG00000150764.14|ENSP00000394352.3|S592|SKLPHSQSSPTVSST|1,0.3337777113237175,,,-0.086973366464891,,0.2133602404803415,-0.0845663921937518,,,0.4474459079526387,0.2165990597630668,3,,1
ENSG00000079435.10|ENSP00000244289.3|S853|IAEPMRRSVSEAALA|1*ENSG00000069275.13|ENSP00000356110.4|S181|LKATVTPSPVKGKGK|1,-0.2374727565617461,,,,,,,,,,,-12,0.0,1
ENSG00000164715.6|ENSP00000297293.5|S1450|LQTSKYFSPPPPARS|1*ENSG00000123384.14|ENSP00000243077.3|T4460|GFQHQRMTNGAMNVE|1,0.2981205412178999,0.0317245589207659,,,0.1355929158830759,-0.0092226435120527,-0.436915599720219,-0.1787422210248389,-0.1998582870815956,0.3740136061056658,,-22,0.0,1
ENSG00000183765.22|ENSP00000385747.1|S379|SKILGETSLMRTLCG|1*ENSG00000026025.16|ENSP00000224237.5|S55|TSRSLYASSPGGVYA|1,0.1289077059230409,,,,-0.0553660301317435,0.4164631876196127,0.0142881583142523,,-0.1824788742326035,,,-19,,1
ENSG00000139687.15|ENSP00000267163.4|T821|KISEGLPTPTKMTPR|1*ENSG00000005007.13|ENSP00000470142.1|S1127|HGGVTGLSQY_____|1,-0.040957496134856,0.366224244963132,,,,,,,,,,-19,0.0666666666666666,1
ENSG00000088325.16|ENSP00000300403.6|S738|QPLTVPVSPKFSTRF|1*ENSG00000106211.9|ENSP00000248553.6|S15|FSLLRGPSWDPFRDW|1,-0.0972546758920214,-0.2057930652390692,-0.4825458234088581,-0.004405819560231,-0.0050714298755809,-0.1752390907844628,-0.0072651861852387,-0.0449861960494411,-0.2568931863560553,0.1522360782958197,-0.0762335978738162,-21,0.06,1
ENSG00000137275.14|ENSP00000259808.3|S320|AVVKRMQSLQLDCVA|1*ENSG00000064651.14|ENSP00000262461.2|T217|LRTFGHNTMDAVPRI|1,0.1383090706547473,,-0.0255940323882697,0.0969336028454958,,0.5109505283228173,0.3045296515967179,0.0086465506573979,-0.0759869789466641,0.0510474799438374,0.0644536311178226,-20,0.0,1
ENSG00000177731.16|ENSP00000324573.4|S436|RLRRRKDSAQDDQAK|1*ENSG00000096717.12|ENSP00000212015.6|S27|ADREAASSPAGEPLR|1,0.2321994970941475,-0.1751381023615787,-0.0473158248552266,-0.0073341374931057,-0.0762669803738954,0.4438969798591984,0.2455649240868273,0.2290408421039402,0.315563408856467,-0.0062591885076733,-0.2065876997394287,-3,0.02,1
ENSG00000103194.15|ENSP00000219473.7|S76|DTLPRTPSYSISSTL|1*ENSG00000113657.13|ENSP00000381526.3|S522|PAGSARGSPTRPNPP|1,0.3624536852540129,-0.081912355970106,0.1361879081823036,-0.1973094692147262,-0.2552421859523177,0.2626501821219386,0.4146267517008508,-0.0437851100108102,-0.0605500075586758,0.0721885349574949,-0.0931290065997852,-19,,1
ENSG00000165417.12|ENSP00000452454.1|S316|VEEEPLNSEDDVSDE|1*ENSG00000139546.11|ENSP00000266987.2|S283|ILSLRSCSLGSLGAL|1,-0.0912213159606,,,,,,,,,,,-18,0.0,1
ENSG00000123836.15|ENSP00000356047.3|S466|PVRMRRNSFTPLSSS|1*ENSG00000172613.8|ENSP00000311360.2|S328|VLPSISLSPGPQPPK|1,0.4452365271605248,-0.171641258165026,-0.1424987802443496,0.2764341521147931,0.0901800666550709,-0.3459109791742549,0.0234652358125704,0.1177891514850335,-0.1948527942874497,0.1563275476820877,-0.1340254791164314,-14,0.0,1
ENSG00000026025.16|ENSP00000224237.5|S459|GQVINETSQHHDDLE|1*ENSG00000177600.9|ENSP00000322419.4|S102|KDEKKEESEESDDDM|1,0.0631420452636014,,0.126333675901967,,,,-0.0785194509282323,-0.1214595778868825,,,,4,,1
ENSG00000149269.10|ENSP00000348696.4|S174|TPAVPPVSEDEDDDD|1*ENSG00000105171.10|ENSP00000465213.1|S10|SVIYHALSQKEANDS|1,0.3048494969792584,0.0161161744425874,,0.0982490950437593,-0.0569202897526116,,-0.0831795684638735,0.055570729793239,,,0.3873240524936205,6,,1
ENSG00000114867.21|ENSP00000316879.5|S1231|EAALPPVSPLKAALS|1*ENSG00000104320.14|ENSP00000265433.4|S343|TTPGPSLSQGVSVDE|1,0.0016675086135293,,0.0759751367251465,0.2785919946621418,0.0030792099109134,-0.025900680464182,0.1070124524861713,-0.1639602907233085,-0.1944207672838456,0.1523715259500233,-0.0384732561719096,-9,,1
ENSG00000155506.17|ENSP00000336721.4|T572|KILIVTQTPHYMRRH|1*ENSG00000149782.11|ENSP00000443631.1|S537|PSLEPQKSLGDEGLN|1,-0.0175252185435235,-0.120697610351329,0.3317867826800331,-0.0311774451652792,-0.3449525335782493,-0.2473676030267466,0.0747865576353927,0.4076845075319834,-0.0550334061964489,0.1900005066740664,0.1523802304768639,-17,0.0,1
ENSG00000163320.11|ENSP00000420374.1|S164|NENQLLNSQDC____|1*ENSG00000171223.6|ENSP00000303315.4|S251|QTVPEARSRDATPPV|1,-0.1532576576770651,0.2501794379907171,,-0.0097163786752655,-0.1889192609659191,-0.0672310274488575,0.3670454238835828,0.4071638347981468,,,0.2647244543610292,-2,,1
ENSG00000196396.10|ENSP00000360683.3|S378|RSRVVGGSLRGAQAA|1*ENSG00000184304.16|ENSP00000333568.6|S205|GVRRRRLSNVSLTGV|1,-0.0917376638591043,0.1976623710063005,0.0834934827785849,0.2055128133806424,-0.0901417241025703,-0.0563629327418891,-0.4073929184502551,0.2381259602788736,-0.0808326560470835,0.4062949461245026,0.0332567695013726,-19,0.04,1
ENSG00000048028.11|ENSP00000003302.4|S495|STSTESSSQDVESTF|1*ENSG00000146648.18|ENSP00000275493.2|T693|RELVEPLTPSGEAPN|1,0.1960474837932143,,,,,0.1777751886666214,-0.2278400633793106,-0.2166541712810682,,,-0.2667582342153696,-4,0.0103092783505154,1
ENSG00000088325.16|ENSP00000300403.6|T72|NLQQAIVTPLKPVDN|1*ENSG00000141068.14|ENSP00000494552.1|S406|TRLRRTESVPSDINN|1,-0.2953277069206299,,,0.2031614394342368,,0.2250354177749828,0.0158626097886511,,0.0961364703351105,,-0.3910766838558228,-3,,1
ENSG00000110713.17|ENSP00000352091.5|T670|IAKPIPQTPESAGNK|1*ENSG00000131771.14|ENSP00000254079.4|T34|MIRRRRPTPAMLFRL|1,-0.0084433010435924,,0.2576089716799717,0.1735940987220985,,-0.1460729821246763,,0.0226451632627175,-0.0587985713040362,0.1145251817466403,-0.0312185393439952,-7,,1
ENSG00000168918.14|ENSP00000405338.2|S243|RLFDQQLSPGLRPRP|1*ENSG00000111276.11|ENSP00000228872.4|S140|PKTDPSDSQTGLAEQ|1,0.0423717155789776,0.3323149370352697,,0.0834917931499981,0.1304073344445086,-0.0435029467977104,0.180232439716036,0.3187114793768582,,-0.0400179708714918,-0.215585604048561,-16,0.0793650793650793,1
ENSG00000112118.20|ENSP00000472940.2|S160|KTIERRYSDLTTLVA|1*ENSG00000170421.12|ENSP00000447566.1|S74|TVNQSLLSPLVLEVD|1,0.3494511754558564,-0.0952731013161058,,,,0.3168414495662677,0.2538573360920564,0.1520286217956323,,0.0299497570683611,0.0746518270037591,-5,,1
ENSG00000104852.15|ENSP00000472998.1|S226|YDERPGPSPLPHRDR|1*ENSG00000072864.15|ENSP00000379642.1|S306|DGGERRPSSTSVPLG|1,0.4050245021366894,-0.3592815928650644,-0.4909414125042576,0.018030108137613,0.123306009585887,0.0801066338462952,0.0121165407778098,-0.0072750125588329,-0.0383720111204789,0.1915191372208377,0.0656787371625045,-17,,1
ENSG00000166173.11|ENSP00000299213.7|S409|GRLNCSTSPEIFRKC|1*ENSG00000102119.11|ENSP00000358857.4|S49|ETQRRRLSPPSSSAA|1,0.2058313328746343,-0.0593406005540186,,0.2062483035189048,-0.2666625419860168,-0.2126231390097216,0.002743567633314,-0.2806698445855209,0.1226676674927597,0.0843233163135841,0.4763327910810857,-10,0.0,1
ENSG00000037897.17|ENSP00000314441.7|S27|YYRQRAHSNPMADHT|1*ENSG00000132382.14|ENSP00000254718.4|S1310|SLVIRSPSLLQSGAK|1,0.3161278377474837,-0.1749766111997842,,0.1122044495991939,-0.2693025356372102,0.466484152085224,-0.0068569142629742,-0.0874192826830705,,0.0697701860833365,-0.0084679785592658,-14,,1
ENSG00000084676.15|ENSP00000385216.1|S569|RQMSSQNSPSRLNIQ|1*ENSG00000168036.18|ENSP00000344456.5|S552|QDTQRRTSMGGTQQQ|1,0.2640193617247329,0.111292969951777,,-0.0217468599690526,-0.1837345317180251,0.0340351092738252,-0.0891611322639356,-0.4415855217687637,0.1501449880612956,-0.0467190783362491,0.0336593217757386,-3,0.0357142857142857,1
ENSG00000122566.21|ENSP00000346694.4|T176|IVLQKYHTINGHNAE|1*ENSG00000033327.13|ENSP00000354952.4|T391|ATIPRRNTLPAMDNS|1,0.0084927074638482,0.2473418540527339,-0.0937857434499638,0.0118905607805848,-0.0339044489170042,,0.2248058324952207,,0.216281560217175,,,-2,0.0227272727272727,1
ENSG00000204356.14|ENSP00000364578.3|S115|QPFQRSISADDDLQE|1*ENSG00000140396.13|ENSP00000399968.2|S736|TIKQEPVSPKKKENA|1,-0.0506903212933771,0.0674360269236192,0.0197811379257061,0.0385798189520335,0.1377754208359822,-0.1743440525826919,0.1598882123212061,-0.1116196992746148,0.0867768460070824,0.0954806155602335,-0.0297089484407249,-8,0.0,1
ENSG00000215114.10|ENSP00000382507.2|T59|TVFKSPRTPPQRFYS|1*ENSG00000113368.12|ENSP00000261366.5|S405|VTVSRASSSRSVRTT|1,0.2022952814886151,,,0.5900751045918293,,,,-0.4255983733624517,,,,-14,0.0,1
ENSG00000167978.17|ENSP00000301740.8|S1329|LRENSFGSPLEFRNS|1*ENSG00000124788.18|ENSP00000244769.3|S775|ATRKRRWSAPESRKL|1,0.1913597886461238,-0.3313235146570778,0.3797369541138332,0.1991121869743146,0.0906682176052156,-0.0239408480195204,0.2449518311009483,0.1300080584249266,0.034201755093428,-0.2959605672993903,0.2234339076227952,-6,0.0,1
ENSG00000140577.16|ENSP00000268184.6|S62|LTQYHGGSLPNVSQL|1*ENSG00000113360.16|ENSP00000425979.2|S300|RHRDNRRSPSLERSY|1,-0.359963362036699,,0.2693840284234989,,,-0.1944354662093305,-0.2991317081515998,,,-0.1975139243236483,-0.0348918719734137,-20,0.0,1
ENSG00000177731.16|ENSP00000324573.4|S436|RLRRRKDSAQDDQAK|1*ENSG00000173327.8|ENSP00000309597.3|S793|PRPSPLPSPQPAPRR|1,-0.2648204223370763,-0.1346391577323467,,0.1005799501395025,,0.0281855424271175,-0.4806052037858137,0.0604068719887039,-0.0282628095554034,-0.0710486931540726,0.0070643255805759,-11,0.05,1
ENSG00000126787.13|ENSP00000247191.2|S642|QRLGTPKSVNKAVSQ|1*ENSG00000188486.3|ENSP00000434024.1|S140|GKKATQASQEY____|1,-0.2787364954802122,,,,,,,,,,,-3,0.25,1
ENSG00000141522.12|ENSP00000269321.7|S101|LESFKKQSFVLKEGV|1*ENSG00000278540.5|ENSP00000478547.1|S80|LHIRSSMSGLHLVKQ|1,-0.1943566131340217,0.2108890686340572,,-0.1619179749557495,,-0.0797064461767439,-0.2812268937483703,-0.2822678213032648,,0.0682684918824064,0.134853934606749,-14,,1
ENSG00000198176.13|ENSP00000364519.4|S23|VFIDQNLSPGKGVVS|1*ENSG00000136937.13|ENSP00000364289.3|S22|PHKRRKTSDANETED|1,0.3088551411485468,-0.3173279420671277,0.0247656866600672,0.0318317180670286,-0.1809915499470692,0.066569149389556,-0.133529851120643,-0.237340543280808,0.129651438906152,-0.0206478313615773,-0.0764039298206382,-13,0.0526315789473684,1
ENSG00000090020.11|ENSP00000263980.3|S703|MSRARIGSDPLAYEP|1*ENSG00000125753.14|ENSP00000245932.5|S322|TTLPRMKSSSSVTTS|1,-0.1002848596738997,,-0.1497831579765501,0.156490944543186,0.1999761963577694,0.1752814069099846,0.1925362777808425,0.358038601993266,0.2114527123834392,-0.1435906481900867,-0.1167532976343461,-6,0.1212121212121212,1
ENSG00000198176.13|ENSP00000364519.4|S23|VFIDQNLSPGKGVVS|1*ENSG00000139083.11|ENSP00000379658.3|S213|DNMIRRLSPAERAQG|1,0.1425908299854099,-0.0973467541167016,-0.3028961319335396,0.4804864157136226,-0.0603858025870846,-0.0792173196539184,-0.0521320726998888,0.0542413676680048,-0.0418199269944278,0.2714107454566036,-0.0288169604746625,1,0.032258064516129,1
ENSG00000152422.16|ENSP00000421491.1|S327|SLETLRNSSPEDLFD|1*ENSG00000103479.16|ENSP00000262133.6|S639|DEICIAGSPLTPRRV|1,-0.0558889642569487,,,-0.2218123199789577,0.0974612331581195,,-0.2033464023805054,-0.2124397547573603,,,-0.0923056314735159,-20,0.0,1
ENSG00000026025.16|ENSP00000224237.5|S83|GVRLLQDSVDFSLAD|1*ENSG00000035928.16|ENSP00000371321.1|T506|KESKLERTPQKNVQG|1,-0.0117948972206182,0.2675083818578605,-0.4185189292434483,0.2533946280911183,0.3075611391172927,-0.3318957755482135,-0.2424496755071263,0.1608490745070322,-0.0642842949630892,-0.1921611587294883,-0.3318054401219706,-8,,1
ENSG00000102225.16|ENSP00000349762.4|S138|LEKLTLNSPIFDKPL|1*ENSG00000197535.14|ENSP00000382177.3|S1652|GLRKRTSSIADEGTY|1,-0.0695016881465817,0.5051814664265595,0.019367861586738,0.1208464043775514,-0.2460971707596543,-0.2595293719339078,0.2170488057569461,-0.0430407294487434,-0.2583339269808035,-0.1960904122953284,-0.1556383471694181,-17,,1
ENSG00000065534.18|ENSP00000353452.3|S1779|SSTGSPTSPLNAEKL|1*ENSG00000067369.14|ENSP00000263801.3|S1219|DDTESLHSQGEEEFD|1,0.1020889164513352,0.3093543444927687,-0.1096971874249991,-0.0235276782744658,,0.0564641543179288,-0.1965277763561119,0.0839413472104777,,0.1929392670849796,,-6,,1
ENSG00000151929.10|ENSP00000358081.4|S289|RSSTPLHSPSPIRVH|1*ENSG00000008056.14|ENSP00000295987.7|S9|NYLRRRLSDSNFMAN|1,-0.0780013413971111,,-0.1023975262505613,0.0681709501288036,,0.1144809094943384,,,,0.0021329410478278,-0.0285485700977602,-11,0.037037037037037,1
ENSG00000152422.16|ENSP00000421491.1|S328|LETLRNSSPEDLFDE|1*ENSG00000168303.9|ENSP00000304553.5|T120|QGSPRTSTPFGSGRV|1,0.3600936019928455,,,0.0905671108992366,,0.3374275725050872,-0.0416114554932363,0.0961108659458681,,,-0.2289843292539818,-3,0.0,1
ENSG00000131153.9|ENSP00000253462.3|S182|QPLESTQSQDF____|1*ENSG00000141564.15|ENSP00000307272.3|S696|EKNYALPSPATTEGG|1,-0.36299452430237,,,-0.3625640336212944,0.0336537314973188,0.3906332290093342,0.0098301224689419,0.7633819740358045,,,0.1652895097485497,-10,0.0147058823529411,1
ENSG00000002330.13|ENSP00000378040.3|S99|PFRGRSRSAPPNLWA|1*ENSG00000121152.10|ENSP00000240423.4|T49|APLNIPGTPVLEDFP|1,0.2271600594018766,,0.0394361429504333,0.0480888794380977,,-0.0311003847758425,-0.2767993853513077,-0.2500738075239505,,,0.1568869911727233,-23,0.0,1
ENSG00000152661.9|ENSP00000282561.3|S365|IVDQRPSSRASSRAS|1*ENSG00000167978.17|ENSP00000301740.8|S1329|LRENSFGSPLEFRNS|1,0.2346565508237083,,,-0.0295161799839147,,-0.4053360136791292,,0.0229085446812709,0.1437225090870044,-0.3765120746067883,0.4635340633653043,-2,0.0,1
ENSG00000141068.14|ENSP00000494552.1|S406|TRLRRTESVPSDINN|1*ENSG00000101224.17|ENSP00000245960.5|S353|VQNKRRRSVTPPEEQ|1,0.1249462408339103,,,,-0.1591429825255383,0.1541250175803333,-0.1493564386784169,-0.0411575608185293,,,0.0421308218979232,2,,1
ENSG00000143553.11|ENSP00000357674.5|S133|SGIYPPGSPGK____|1*ENSG00000102225.16|ENSP00000349762.4|S153|SRRLRRVSLSEIGFG|1,0.2141122660830939,,-0.0663423587286091,-0.1469155358866049,0.044964183784984,0.0877925564278489,-0.1152267749474493,0.1300745953227471,0.1271838088262432,0.2163448471600544,-0.1760577592517889,-11,,1
ENSG00000115956.10|ENSP00000234313.7|S117|ARKSTRRSIRLPETI|1*ENSG00000143079.15|ENSP00000271277.6|S563|SSPLSPLSPGIKSPT|1,-0.016874515550005,0.1814357797348114,-0.0558695168203273,0.2595168192626827,,-0.2601623885670917,0.1474942636638081,-0.1144304104482203,,0.2965503370762238,,-12,0.0,1
ENSG00000109062.12|ENSP00000262613.5|S280|LAEAALESPRPALVR|1*ENSG00000123384.14|ENSP00000243077.3|T4460|GFQHQRMTNGAMNVE|1,0.1829423985183864,0.3705383466664142,0.33315269629076,-0.3034920767113737,0.152586101607497,-0.2979609067836471,-0.0691098503251249,-0.1511615403342968,-0.0278356930527087,-0.2189520923373087,-0.0283841532929436,-16,0.125,1
ENSG00000090674.16|ENSP00000264079.5|S557|SGKFRRGSGSACSLL|1*ENSG00000149499.11|ENSP00000378254.2|S176|KLSRKAISSANLLVR|1,-0.1108310656020749,,0.1799400252176254,0.1606906344293844,0.0063728780136043,0.0856622848648119,-0.0607734149542796,,0.1332902605908496,-0.1341298968821874,0.0996519078890521,-15,0.0,1
ENSG00000197892.13|ENSP00000427900.1|S1381|KLSRRSISSPNVNRL|1*ENSG00000076864.19|ENSP00000363897.4|S484|SLIVPGKSPTRKKSG|1,-0.2160264739316919,0.090804496192572,0.0574723438227633,0.1076060503469112,-0.1438327328553156,0.3752099988455584,0.3817056184649273,-0.0183994364253842,-0.1306193979434057,-0.4691517942071569,-0.036783318298022,-15,,1
ENSG00000125503.13|ENSP00000263433.1|T560|MRQSRRSTQGVTLTD|1*ENSG00000072832.15|ENSP00000380987.2|T509|PVYEVPATPKYATPA|1,0.088272727016116,,,0.3255564039372982,,,-0.2231563812532231,-0.2405773464690029,,0.2084463285419293,-0.0470036660628522,-18,,1
ENSG00000140577.16|ENSP00000268184.6|S370|SLRLFSLSNPSLSTT|1*ENSG00000160789.20|ENSP00000357283.4|S390|EEERLRLSPSPTSQR|1,0.1106236056175292,-0.3027084590856719,,0.5940207957984718,0.6496122856241386,0.2329881168313549,0.1569681771045972,-0.2307351980094127,0.1524506639610197,0.4057850744066884,0.0682665480696909,-5,0.0285714285714285,1
ENSG00000106605.11|ENSP00000265523.4|S237|SFHFKSGSLENVPNV|1*ENSG00000178035.12|ENSP00000321584.4|S122|ITDPVVLSPKDRVRD|1,0.1470641772869804,,,0.2960238070760429,,-0.3939848929334448,-0.0023310659313461,-0.2040489342366973,,-0.1390058072874019,0.0241002714042429,-26,,1
ENSG00000182979.18|ENSP00000333633.7|S522|RLPEASQSPLVLKQA|1*ENSG00000100968.14|ENSP00000250373.4|S289|PALSRRGSLGEEGSE|1,-0.3693235872506753,,-0.2519464639557974,-0.10898372112271,,0.6045946824583529,0.10874398713135,-0.04914724320038,,0.124873387571611,-0.4215820752377758,-25,,1
ENSG00000152661.9|ENSP00000282561.3|S279|SSPTAPLSPMSPPGY|1*ENSG00000065559.15|ENSP00000262445.5|S80|IERLRTHSIESSGKL|1,0.2545804519147042,,,,,0.4824589302044044,-0.2296431680358729,,,,,-17,,1
ENSG00000153071.15|ENSP00000313391.6|S723|KPAPRQVSLPVTKST|1*ENSG00000173120.15|ENSP00000432786.1|T550|MKPAPRLTPVRPAAA|1,-0.428551615504029,,,,,,0.1333860135447473,0.6432384284018714,0.0557019652985502,,-0.1014441612035058,-13,0.0,1
ENSG00000143384.13|ENSP00000358022.2|S64|IGGSAGASPPSTLTP|1*ENSG00000103313.12|ENSP00000219596.1|S242|SGKMRPRSLEVTIST|1,-0.035405993505968,,,,-0.1035297939424635,0.0159797525862123,0.0386080086273044,,,,,-2,0.0181818181818181,1
ENSG00000109062.12|ENSP00000262613.5|S302|EELNSQDSPPKQDST|1*ENSG00000141522.12|ENSP00000269321.7|S34|YKPPAQKSIQEIQEL|1,-0.2643405270164468,,,,,-0.0521635214496532,,,,,,-8,0.1071428571428571,1
ENSG00000137337.15|ENSP00000365588.3|T341|EEERIPATPVVIPMK|1*ENSG00000175054.16|ENSP00000343741.4|T1989|LCFPENETPPEGKNM|1,-0.0614717017552489,,,,,,,,,,,-23,0.2962962962962963,1
ENSG00000061273.18|ENSP00000404394.2|S155|FPLRKTVSEPNLKLR|1*ENSG00000131016.17|ENSP00000384537.2|S698|RARRGSSSDEEGGPK|1,-0.1269754743617613,-0.0066414536871462,-0.3122494028947584,-0.0076194058774869,-0.0096275439910069,0.5092666946900807,0.1840475023499031,-0.0751114868956696,-0.0107741527220498,0.0869299054517453,-0.3297017076342829,-10,,1
ENSG00000075340.23|ENSP00000264436.3|S693|SVTSGPMSPEGSPSK|1*ENSG00000006453.14|ENSP00000005260.8|S331|PSLQRSVSVATGLNM|1,-0.0937282621930474,-0.2797483952519944,,-0.0608246910370524,,,-0.0060618308612574,0.0958743013669658,,0.2398040531912388,-0.0217888194855721,-14,0.0,1
ENSG00000071242.12|ENSP00000265678.4|S218|DHDKRAYSFCGTIEY|1*ENSG00000196419.12|ENSP00000352257.4|S27|QEENLEASGDYKYSG|1,-0.0728514894920124,-0.0644327015427954,,-0.1000758226769625,-0.038929626207822,,-0.017510488619178,0.4071781848716269,0.0924719348256955,,-0.0115324444461312,-17,,1
ENSG00000197971.16|ENSP00000348273.2|T232|KNIVTPRTPPPSQGK|1*ENSG00000137275.14|ENSP00000259808.3|S320|AVVKRMQSLQLDCVA|1,-0.393209561097267,,,-0.120394857057851,0.0439180757114228,-0.1178579094920606,0.2122790060997607,,,-0.34723011684105,,-19,,1
ENSG00000129675.16|ENSP00000250617.6|S684|GSSTRKDSIPQVLLP|1*ENSG00000011405.13|ENSP00000265970.6|S259|KVSNLQVSPKSEDIS|1,0.2541240552217064,-0.1064592792965929,-0.458517681479974,-0.1632607212986749,-0.1660189759709857,-0.1366805357396147,0.0433918936061052,0.1724270181932657,-0.0124913948768387,-0.3596199910027767,0.298740746047222,-13,0.04,1
ENSG00000115355.17|ENSP00000410608.1|S1675|HHKIKTGSPGSEVVT|1*ENSG00000067369.14|ENSP00000263801.3|S1219|DDTESLHSQGEEEFD|1,-0.1251334273055537,-0.1412659890604048,,-0.039778632145994,,-0.3744357400416953,-0.382836483743541,-0.4683526047579466,,-0.108058531813289,,-3,,1
ENSG00000103319.12|ENSP00000263026.5|S445|SGDSGYPSEKRGELD|1*ENSG00000127022.15|ENSP00000247461.4|S564|EEDGGTVSQEEEDRK|1,-0.3747302093879733,-0.1901848140721514,0.0933624551614382,0.0320776115088653,0.0617733848075562,-0.3177922122475734,-0.3718294949236366,0.0511769121700184,0.2037065774591346,-0.2143737624677478,-0.3120646177232827,6,0.1875,1
ENSG00000068024.16|ENSP00000264606.3|S210|YGKTQHSSLDQSSPP|1*ENSG00000104419.16|ENSP00000319977.8|T366|GTRSRSHTSEGAHLD|1,-0.1571101082395944,,,-0.23137556886217,,0.2144618065706987,,-0.0409836482320686,0.618490195076459,,-0.3191006898193662,-9,,1
