,0,1,2,3,4,5,6,7,8,9,10,11,12,13,14,15
AKT1,-0.6079241,0.6100552,-0.28508794,-0.2036383,0.85909766,0.4081098,0.9994328,0.032701455,0.544129,-0.19436528,0.016191326,0.49139613,-0.5866799,-0.69245714,0.037612367,0.50775534
AKT2,-0.5065118,0.76155,0.88537544,0.552965,1.6949042,0.10856574,0.6736668,-0.10824089,-0.10565403,1.0872021,-0.9158739,-0.18579583,-0.51244223,-0.78798276,0.28604037,1.1328613
AKT3,0.31379998,0.5376529,0.4597537,0.400461,0.3606451,0.20207487,0.89971656,0.6885189,0.39971313,0.5521129,0.116394304,0.09072291,0.1337927,-1.6937138,0.23602308,0.38652578
PDPK1,-0.43184802,0.026374197,0.6281741,0.550229,0.022869423,-0.64726955,1.265898,0.5350402,0.37717092,0.16158666,-0.7437616,-1.0865785,0.1091686,-0.9441474,0.5272208,0.641994
PRKCB,-0.18423371,-0.5373582,0.5707824,0.84387755,0.22746108,-0.016780345,0.97361726,0.45059335,0.14277793,0.06952748,-0.7105725,0.06916608,-0.09311381,-0.8148521,-0.13826519,0.017476134
PKN2,-0.03315498,-0.07633392,0.19892,0.47699788,0.9814498,-0.6495299,1.7647535,0.17646237,0.43873876,-0.5994789,-0.095218934,0.668738,-1.0965073,-0.7643046,-0.09940858,0.60996425
EEF2K,-0.42212087,-0.76976126,0.65447444,-1.2190888,0.07303216,-0.19023287,1.4306194,0.3576724,-0.39223224,-0.087765984,-1.2385305,-1.081118,-0.34686553,-1.1755828,0.5551222,0.29793626
BCR,-0.44467795,0.94642055,0.47082612,0.7172097,1.6297671,1.3452605,0.61461323,-0.04748218,0.3895569,0.6672607,-0.7401636,0.6537103,-0.66083646,-0.41192707,-1.0498183,-0.19272088
BRD4,-0.12334072,-0.052729107,-0.17450145,0.21117248,1.7369902,0.38895828,0.80552876,0.8468148,0.52841794,1.164438,0.5101007,-0.25857556,0.87465215,0.40479442,0.0056194086,0.3702051
PDK1,0.46315256,0.07311053,0.16289769,-1.3949214,1.4227803,0.20450592,0.7724874,0.47418696,0.8809565,-1.7263377,-0.087622784,-0.7670858,0.5697038,-0.6177802,-0.3764948,1.9924121
PDK2,-0.06829621,0.24246244,0.938073,-0.3188495,0.42826444,0.089403,0.78985846,0.46208727,1.0875516,0.35211194,-0.20636827,-0.7760857,0.5081309,-0.9030151,-0.6393788,0.2812897
PDK4,0.03418327,1.3971858,0.6321612,-1.0540581,1.1436299,-0.40543032,1.359375,1.0465245,1.3700327,0.07379063,-0.5982666,-0.42407754,0.87207866,-0.8348706,-1.3422682,1.130865
ATM,-0.60858417,0.22723027,0.73732007,0.6238836,0.9632541,-0.13078067,1.4559253,-0.05124619,-0.088639565,-0.3173803,-0.14900324,-0.44993514,0.056218293,0.250615,0.9846465,2.0898118
ATR,-0.69324243,-0.8179857,0.34019357,-0.5795685,1.1034095,-0.08892904,1.6369747,0.011555993,0.1973561,1.2082068,0.33822238,-0.97622913,-0.021207064,0.9353817,0.23387398,0.5892256
MTOR,-0.22396311,0.1780989,0.36842877,0.38424924,1.1499015,0.833954,1.3760713,-1.5438305,-0.020395342,0.27607483,0.22571991,-0.45544592,-0.48789525,-0.4391636,0.92062676,0.240361
CAMK2A,-0.2728452,-0.3263455,1.1671125,0.21472256,0.2232188,0.27184096,1.0766209,0.27842143,0.8152532,0.31823415,-0.22165383,-0.6581142,0.22113082,-0.6931706,-0.24317734,-0.18720475
CAMK2D,-0.011510933,0.040453337,-0.51207715,0.29487717,1.831971,0.35611224,0.5462819,-0.12088866,0.27102596,-0.043339886,-0.87310106,-0.46312898,-0.9988834,-1.7240124,-0.017888302,0.1272806
CHEK1,-0.21756387,-0.805231,-0.518491,-0.26001477,0.72062933,0.6915057,1.6054814,0.6199588,-0.24267122,0.35811046,0.32815436,-0.77822423,0.7984465,1.2691803,-0.12654975,0.55770475
STK11,-0.75119114,0.24132508,0.53445846,-0.9243943,0.5849771,0.9433883,1.2783324,0.54431087,0.4549424,0.44292155,0.50244427,-0.29095507,-0.3071784,-1.1773605,1.6967777,0.6625931
MARK2,-0.4594839,-0.27389914,0.85529774,-0.2643662,0.1811202,0.14999108,1.1855203,0.4338068,1.0240338,0.77159786,-0.29220906,-0.068966135,0.21617416,-0.6308265,-0.14530303,-0.25486538
MAPKAPK2,0.62896764,-0.4851446,-0.14737466,0.55383646,0.35748586,0.49743843,0.7230357,0.98538405,-0.46004176,0.027594082,-1.4666625,-0.38226685,-0.29368022,-0.70196503,0.3087337,0.29131174
PKD1,0.3998801,1.1158189,-0.23507309,-0.13092665,0.8500219,0.1401396,1.3692249,0.8153124,-0.97366065,-0.7848353,0.30445024,-0.14298423,0.11198018,-1.045445,0.53983635,-0.04486518
PKD2,0.68724114,-0.13818522,0.05148616,-0.10961135,0.5450995,0.053167988,1.9463934,0.7168404,-1.8896347,-0.93509406,-0.71298283,0.031772744,0.9763334,-1.5580549,1.5452502,-0.14684336
TRIB1,-0.4388603,0.5280767,-0.2201824,-0.60163915,0.8225951,0.25584763,1.0466789,-0.06264757,0.13481188,0.11561579,-0.12734765,0.2981491,-0.23180811,-0.38031083,0.40471265,0.4376204
TRIB3,-0.2011645,0.6591554,0.14131114,-0.37597433,0.46056297,0.75611985,1.3947802,-0.72175163,-0.022981714,0.27566516,0.22418873,-0.091237225,-0.28048998,-1.1084284,0.4050959,0.4517041
KALRN,-0.46074975,0.011568404,1.0900689,0.4084678,0.1727672,-0.015028745,1.3955123,0.10099252,0.44835624,0.34648016,0.07342321,-0.58835715,0.44376412,-0.43718237,0.23820339,-0.51434547
CDK1,-0.68423223,0.30340356,0.43021473,0.31774256,1.0739989,1.1662772,1.1869527,1.2304494,0.16055048,-0.07240379,0.7473269,-1.2079494,0.5316917,1.377652,-0.30728516,0.33415106
CDK2,0.1423627,-0.6346094,0.031997785,0.18469441,1.0255605,0.35067704,1.5697608,0.6666023,0.28445873,0.400824,0.8572317,0.15442057,-0.2869873,0.8929969,0.12552626,1.0426733
CDK4,-0.49437454,-0.19150154,-0.3920466,-0.29570344,1.3157138,0.9713707,1.3346922,-0.031898938,-0.021733206,0.5143454,0.6456686,0.086804725,-0.4052063,0.36773396,1.06581,0.6141132
CDK6,0.30093393,-0.31307498,0.1288221,0.5026423,1.5683802,-0.23783475,0.54295266,0.19606723,0.6126678,0.25476485,-1.3546783,0.17459953,-0.29668254,0.2854788,-0.36008295,0.6997695
GSK3A,-0.19930196,-0.38572934,0.77948266,-0.20562147,0.06963427,0.2616558,1.0124801,-0.006460869,0.75573385,-0.29804265,-0.31718972,-1.1971271,-0.035097905,-0.4953268,-0.3118941,-0.33177713
GSK3B,0.34411243,-0.17867099,0.48650342,-1.2193078,0.033121143,0.6883366,1.2577037,0.16782631,0.55202657,-0.24519789,0.43373486,-1.3928638,-0.93427587,-0.6778838,0.09851777,-0.22153558
MAPK3,-0.09648749,-0.5474936,0.53382105,-0.2664009,0.51055384,-0.3321084,0.7672799,-0.029851208,-0.6212305,0.6596039,-0.75135887,-1.1333295,0.3531457,-0.9446188,-0.54120255,0.85257524
MAPK1,-0.023621075,-0.56181294,-0.4599123,-0.17114532,0.95282364,-0.20609123,0.53765965,-0.65722,0.015273357,0.0688516,-0.96352905,-1.8477257,0.58597577,-0.90040153,-0.34895092,0.3887555
MAPK8,-0.57844716,0.22681542,0.35309085,-0.29072398,0.6749286,1.170644,1.0267092,-0.44204184,0.69009244,0.20279402,-0.37566423,0.18314955,-0.6871609,-1.467451,-0.26559538,0.07073778
MAPK9,0.1436455,0.14102271,0.53718275,0.19910295,0.8062705,1.7000943,0.90240854,-0.817047,-0.4425882,0.25593197,-0.44466144,0.82812685,0.7553828,-0.8779002,-0.3285482,-0.5180754
MAPK10,0.10206071,-0.086753495,0.9665981,0.05794112,0.34580073,0.48747498,0.6826586,0.48740426,0.74777025,0.53720707,0.058182143,-0.7333008,0.2725814,-0.91196823,-0.43406573,0.24373825
SRPK2,-0.97343534,0.21632367,-0.8408339,-0.50269055,1.1627789,-0.049624924,1.3728949,0.007389848,0.53312844,0.6368726,0.3339913,-1.3471448,0.6629169,-0.43859226,1.2598804,-0.9593427
AURKA,-0.7410681,0.40609568,-0.5223919,-0.6454837,-0.19057794,0.77051234,1.9543755,0.15459956,0.05959787,0.49789605,-0.22232354,-0.8342211,-0.5937487,0.47173852,0.31957927,1.3540081
CSNK2A1,-1.0582141,-0.04760834,-0.17680004,-0.44419742,0.7399626,0.9579925,1.306219,0.56857383,0.29575503,-0.018692348,0.42355144,-0.27862784,1.1891601,0.79450923,0.44182265,-0.43985143
CHUK,-0.47229257,-0.345637,-0.0787153,-0.27217293,0.64443964,0.48915097,1.1297518,-0.5859042,0.63779384,0.67339927,-0.7423067,0.00230349,-0.111523114,-1.3422766,0.13594624,1.3143768
IKBKB,-0.3398805,-0.3695205,-0.5814544,0.6354377,0.42820755,1.7779602,1.0101433,0.6031002,0.2789937,0.2692225,-0.8609535,0.6758664,-0.46962416,-1.4360517,0.84651536,0.58683604
TBK1,0.28911334,-0.46894062,-0.20861216,0.038692623,0.4016497,0.8150559,1.1221868,-0.1632636,0.22291017,-0.013965126,-1.0347759,0.17267872,-0.5122148,-0.2953544,0.69497705,-0.47697368
PINK1,-1.0793877,-0.07179587,0.6636134,-0.2954281,0.43080387,0.2883562,1.120968,0.85159403,0.50894624,0.38198167,-0.75905657,0.692815,-0.24489702,-0.47691274,0.88662153,0.023638032
EIF2AK3,-0.7489298,0.27277148,-0.3934848,-0.63152015,0.6371879,0.22373995,1.3519671,0.30340508,0.0058414633,-0.028752523,-0.09616861,0.2902388,-0.04255686,-0.6132864,0.4883168,1.1249133
PIK3R4,-0.65788585,0.3095429,0.22455189,-0.29684615,-0.04660396,0.4694769,1.2373315,-0.19670369,0.1530045,-0.070551075,-0.98201233,0.21127568,0.09766671,-0.2973492,-0.39004993,-0.084869206
MAP3K3,0.3414995,-0.25941402,0.6544303,0.29719415,0.55975366,0.9751375,0.93603104,0.12891762,0.47241935,-0.67104214,-1.2454185,0.6449679,0.2678985,-0.5018697,-0.45152447,0.44619498
MAP3K6,-0.5807915,0.2593402,-0.13695708,-1.1172445,0.9496817,0.11792387,1.9358569,-0.27648282,0.6836095,-0.8258965,-1.7392646,0.7730211,-0.05324249,-0.13176711,0.5526222,-0.07571601
GCK,-0.37557757,0.61824185,-0.14794824,-0.799383,0.81843156,0.22734219,1.119145,-0.059131667,-0.075104296,0.026751906,-0.2826358,0.19683374,-0.12133195,-0.38041613,0.52901334,0.43254364
MST1,1.1631806,0.8480783,-0.4095671,0.25291157,0.58490455,0.6959246,1.738347,-0.644983,-0.08512921,0.02283194,-0.6126413,0.40790465,1.1900148,-0.4813733,1.1959109,0.44600812
STK4,-0.1373334,-0.71390885,0.4413568,0.28401336,0.6891709,0.92168134,0.8645684,0.33017984,-0.07488171,-0.5126682,-1.2296722,0.7470455,0.25973833,-0.06904886,-0.045627967,-0.14046381
STK3,0.8650434,-0.03611594,0.10144452,-1.4331521,0.8165207,-0.52792966,2.1668782,-0.08293049,-0.4658988,0.79441863,-0.8511962,-0.24703082,-0.663854,-0.17993763,0.32938924,-0.47441274
PAK1,-0.43032727,-0.5666767,0.8372293,-0.05276825,0.12736477,0.2048077,1.3990945,-0.31569815,0.88814306,0.61248714,-0.18032761,-0.22554973,0.40506998,-0.7674595,-0.071254894,-0.26623195
PKN1,0.1675234,-0.34605652,0.6816558,0.26824868,0.4077727,0.4391445,0.960762,0.39585325,-0.1482281,-0.8030045,-1.2407435,0.255192,0.14655392,-0.5631884,-0.29297855,0.41994527
MAP2K1,-0.16566318,-0.33401707,0.7471655,-0.43144605,0.32319164,0.3470554,0.7066087,0.46150115,0.8739764,0.5327715,-0.49159995,-0.8961434,-0.024814673,-0.3744263,-0.1183882,-0.58991176
MAP2K2,-0.5849846,0.912314,0.9737625,-1.5334967,1.5359868,0.23190755,1.1042821,0.14946403,-1.3208374,0.61635846,-1.5346462,-1.489729,-0.018379768,-0.3807581,-0.24489148,-0.56018364
MAP2K5,-0.6761207,0.34736624,-0.72803384,-1.3682251,1.1561519,0.27876997,1.2883619,-0.102468766,-0.29972905,0.32043466,-0.5226737,0.12061179,0.16752332,-0.32728016,-0.025945075,0.3505053
MAP2K3,0.45511076,-0.48099557,0.24465537,0.5459207,0.56136566,0.8408364,1.2631129,0.19973473,-0.82699007,0.326138,-1.5529604,0.23476996,-0.3893175,-0.12007864,0.19378543,0.094487704
MAP2K4,0.11730668,-0.21772856,0.6908468,-0.061961524,0.47260967,0.27102017,0.6386221,0.011549947,0.8277418,0.4535341,-0.3771793,-0.96439344,0.5509041,-1.1446233,-0.19363289,-0.10915441
MAP3K8,0.10576869,-0.36930233,0.8127345,0.47630543,0.5982518,0.7488621,1.1716003,-0.13806634,0.45727417,-0.44307512,-1.1190586,0.90581983,0.18433788,-0.48757508,-0.08624479,0.75560826
MAP3K14,-0.45753628,0.6526583,0.60499346,-0.6154628,0.26826075,0.5561473,1.5596946,-0.73766905,1.1872312,0.22329232,-0.0641953,0.102450214,0.15952274,-0.74849427,0.07312312,1.103867
CSK,0.22688158,-0.6937494,0.46887764,-0.37608865,0.8670912,1.094551,0.23442397,0.6309942,-0.039517038,-0.54945946,-1.0717694,0.078205265,0.08096773,-0.5223787,0.12699628,-0.27897444
EGFR,1.3514767,0.9078997,1.0141587,-0.6826117,1.2022172,0.9141492,1.091076,-0.32775462,-0.03745162,-0.299354,-1.0648388,-0.8193302,-0.7345581,-1.0967679,1.529444,0.27533093
EPHA2,0.009261342,-0.9390265,-0.99668777,-1.0887035,1.5216289,-0.31458563,2.0572853,-1.0377507,0.46393862,-0.93431044,-0.80149907,-0.3278139,-0.15231363,-0.97033256,0.7397894,-0.17966717
PTK2,1.5383356,-0.857138,-0.018269567,-1.7520663,-0.05193713,0.121098295,1.9013011,0.08932669,0.5340067,0.29196963,-0.5592654,0.13277799,0.32464543,-2.1169379,0.34331322,0.97131026
FGFR1,-1.154353,0.23186253,0.9275448,-0.85573566,1.4984725,0.32812646,1.3672985,-0.78736794,0.44307962,-1.0451666,-0.20614645,-0.49600622,-0.4326808,-0.34351575,0.2662921,-0.06234884
FGFR4,-0.40708846,0.59894717,-0.120869316,-0.6907743,0.7332317,0.015308141,1.1308599,0.013734839,-0.11764681,0.02331614,-0.16884714,0.17937975,-0.0130015,-0.44160014,0.37913826,0.30528784
IGF1R,1.007035,1.1669813,-0.38760653,-0.25657207,0.53371114,-0.28207198,2.1187117,-0.3156676,-0.43410033,0.18187666,-0.39384294,-0.6565082,-0.53347814,0.03266985,0.20453367,-0.5108871
INSR,0.3375487,-0.30726218,0.03694249,-0.5989698,-0.42868385,0.61550575,1.194808,0.5693009,0.5316278,-0.52086574,0.09491982,-0.6423154,-0.58159083,-1.2187693,0.1516049,0.5011117
JAK1,0.364413,-0.08856545,1.1203731,0.5924566,0.6564345,0.20503594,1.3746864,0.35250178,-0.17296636,-0.7271431,-1.2499278,0.86421925,0.09273303,-0.15286067,0.52673984,0.19680604
JAK3,0.057688843,-0.5624782,1.0248145,0.15272884,0.65716237,0.9880049,0.5015998,0.83589154,-0.32409263,-0.6295769,-1.0748221,0.19001675,0.48036462,-0.20517541,-0.13356094,0.4116491
MST1R,0.34578118,0.5235085,1.1717309,0.09070344,0.23734018,0.94242984,1.5347377,0.77727735,-0.010927308,-0.5174745,-0.88027674,0.20634024,-1.1732206,0.14944269,-0.015947761,0.7752484
CSF1R,0.1257663,-0.7872115,0.2428851,0.80669653,0.6121628,0.90612704,1.1518129,-0.48437065,0.24137011,-1.0863163,-1.1808211,0.007255841,-0.14711171,-0.59167236,0.21202429,0.6700243
FLT3,-0.61120135,-0.11117151,1.3356086,-0.50082874,1.379672,0.2993196,0.687467,-0.2821526,0.28846666,-1.2619375,-0.11283085,-0.1851302,0.46759772,-0.586536,0.6339861,0.3507258
KIT,0.033404842,0.3722447,1.3205589,-0.21174617,0.78815424,0.5640141,0.7889949,0.023110017,-0.112716556,0.09836891,0.54682076,0.16863199,0.1101214,-0.7410878,-0.15303078,0.55778855
PDGFRA,0.46451348,-0.13747413,-0.4002737,0.39053157,0.82345426,0.51301277,1.4328295,-0.34217563,-0.9634778,-1.0879033,0.4622408,-0.17159955,-0.055784613,-1.4422944,0.14379263,1.0235406
PDGFRB,0.6968917,-0.07749681,0.08265544,0.30458722,0.3566326,0.5421922,1.3154199,-0.1558781,-1.0147474,-1.0326385,-0.058445573,0.049481913,0.30317536,-1.289334,-0.7146557,0.47347105
PTK6,-1.0224963,0.42404485,-0.84665227,-0.54471457,1.3037676,0.07185172,1.6621319,-0.0970151,1.1661708,-0.47855458,-1.0377059,0.15222736,-0.2054172,-0.4791775,0.4980767,-0.4667681
FYN,0.035754822,-0.07390887,1.3031657,0.276909,0.79105115,0.57271415,0.604681,-0.2589161,0.08732957,-0.5803943,-0.4847615,-0.064185865,0.16976015,-0.3077941,-0.24885567,-0.24929063
SRC,0.76535624,0.83776975,0.2082805,-1.5016772,0.6525135,2.8382978,0.21172656,0.74648213,1.2874315,-0.058623992,-0.1938529,-0.015874807,0.30636373,-1.5327951,0.75645417,-0.9781818
YES1,1.2219476,0.3688688,1.3743688,-0.2603438,1.5724101,0.91386235,0.42837226,-0.20883538,1.1696478,0.021554183,0.06361344,0.32246435,0.1395791,-0.02228225,0.15496117,0.66166633
TEK,0.1865453,-0.10220833,0.7432416,0.3525563,-0.015608015,1.1682774,1.8001823,-0.3466117,0.5176488,0.09570986,-0.73088986,1.0687593,-0.34751397,-0.41745993,-0.024052234,0.44520205
NTRK1,-0.2709627,1.2481291,0.90552205,0.003156169,1.4132395,1.6008519,0.85858065,0.25477195,-0.42527282,-0.36861002,-0.06806799,-0.197955,-1.2857839,-0.3089376,0.5320555,0.04234497
KDR,0.67003554,-0.6762206,0.11288526,-0.71364343,1.3078195,0.3518288,0.85247254,-0.5434224,-0.13891354,0.74847656,-0.9867172,0.088389434,0.8257169,-0.7977203,0.8300929,0.6389611
IRAK2,-0.37782153,0.4533923,0.0012460342,-0.6489261,0.7147658,0.14092048,0.8570385,0.16451332,0.025412744,-0.05126181,-0.27796805,-0.06559551,-0.16008724,-0.50492287,0.369554,0.25175944
MAP3K11,-0.40045562,1.1285633,0.1536318,-0.574568,0.9509001,0.10648461,1.3300142,0.58228105,0.14382024,-0.2906856,-0.4639629,0.23147847,-0.020577075,-0.4640083,0.8435795,0.46110362
BRAF,-0.0023702465,-0.09477455,1.0449423,0.03167037,0.3024471,0.5001023,0.9148389,0.12395278,0.8732373,0.42445624,-0.14574368,-0.7790568,0.042629115,-0.7646177,-0.3168374,-0.18970555
ACTR2,0.5322421,-0.71713454,-0.07486543,0.34940583,0.38313454,0.18684025,1.1467654,0.3437936,0.19605747,-0.4590576,-1.3088347,0.48484772,-0.090765186,-0.16451956,0.48308957,0.1920603
MAP3K5,0.021703888,0.61141574,-0.17597951,-0.12068682,0.028283939,1.2990147,1.8198357,-0.7886517,1.5600407,-0.026192822,-1.6267525,-0.3866669,-0.08496794,0.6262176,-0.29725173,1.395754
LCK,-0.49465996,-0.422552,0.9622818,0.949378,0.83432287,0.9356505,0.57414514,0.5169416,0.062376104,-0.6122674,-1.0095656,0.25361428,0.37409696,-0.69060266,0.020191673,0.983149
LYN,0.5938849,-0.7941285,0.7269199,0.24843101,1.0487088,0.8091705,0.5667796,0.4450792,0.55744785,-0.34543738,-1.2210052,0.11706437,-0.5020718,-0.027000513,0.7455071,-0.49188137
ILK,0.7187174,-0.18664445,-0.5526562,0.87524146,0.5782406,0.3310251,0.71330965,0.038144685,-0.14040376,0.0047537466,-0.8737398,-0.07436946,0.367623,-0.9722429,-0.39384857,0.25419292
RAF1,-0.13012353,-0.2366337,0.85673493,-1.8404773,0.31787568,0.9725166,0.8480038,0.41215578,-0.5194634,0.5382831,-0.08650989,-2.3512287,1.6160411,-1.5060673,0.93726814,0.7851829
ROCK2,1.3525002,-1.9589736,0.01459423,0.7268983,1.6524246,0.8592644,0.86147714,-0.46311226,0.37839207,1.1126451,0.29741892,0.069209695,-0.33828768,-1.4210883,-1.002998,-0.15210655
ROCK1,0.7258391,-0.74923456,-0.3219193,-0.026644906,0.6216917,0.8961316,0.9409066,-0.86148334,-0.23230232,0.78226906,-0.6921443,-0.387521,-0.254245,-0.853316,-0.6580295,-0.3162596
JAK2,0.90779,-0.7677755,1.4886328,-0.16770007,0.7383599,0.77490425,1.0855194,0.01313097,0.0951789,-0.88470846,-1.1656682,0.58555436,0.40027595,0.0046826745,0.050842993,0.0055345013
LIMK1,2.167928,-0.9174256,-0.575702,-1.1441414,0.3723801,1.3374289,1.5653067,0.3779228,0.16551901,-0.25072008,-2.5420313,-0.10712538,-0.083822645,0.20247407,0.10618936,0.07862728
EPHB3,0.7571656,0.77451307,0.52535194,1.1091979,1.6956567,-0.44274446,1.4766594,0.13261917,1.7118162,0.2484673,-0.97640926,-0.048155103,0.098766565,-0.8213157,0.6996394,-2.3151984
CIT,-0.4685962,-0.623627,0.5567155,0.43754792,0.3864932,0.15842439,1.1197522,0.18219516,0.5621008,0.1506615,0.60170996,-0.58311313,0.25102836,0.19930016,-0.4153268,-0.13213827
BUB1B,0.15650617,-0.19413999,-0.5335475,0.085925214,0.27351418,0.6884107,2.1099598,0.80375254,-0.13077362,0.12536931,0.85897505,-1.5686364,1.3411345,1.260271,-0.12259934,0.4515824
BUB1,-0.786842,-1.8579928,-0.5021971,0.72928584,-0.0016435542,0.6896903,2.4071183,0.080919296,0.737978,-0.7260939,0.6715214,-1.3514313,-0.47199896,-0.18592261,1.0797766,1.280239
GRK2,0.38017166,-0.41511327,1.5292544,-0.102051556,0.8948544,0.6322092,1.0943279,0.43936992,-0.39312014,-0.50449944,-1.0758538,0.31476933,-0.88085437,-0.60160506,-1.1701318,0.26986483
GRK5,0.6544133,0.11839432,1.1244379,0.64143044,-0.10846082,0.92183363,1.4304998,0.031458605,-0.16175823,0.067748465,-0.79591274,0.60495913,0.22677422,-0.82837445,-0.085154675,0.296463
GRK6,-0.046322774,-0.6320127,1.1049031,0.6303879,0.6922586,0.8295192,0.884837,0.6025931,-0.060490042,-0.26319262,-1.2636756,0.65092295,0.09433281,-0.51484054,-0.4041715,0.068223454
PRKCG,0.24236587,-0.28190568,0.98825973,0.6713919,0.39707255,0.31458795,1.0285101,0.51368016,0.555078,0.43969464,0.108675085,-0.64098006,-0.5771049,-1.0665754,-0.2855384,-0.41835782
PRKCD,0.004432735,-0.38499108,0.79745597,0.14098878,0.2738881,0.37954748,1.2645041,0.62595314,-0.6292817,-0.28153706,-1.1370986,0.4381989,-0.50288266,-1.0364399,-0.5413287,0.58870333
CSNK1G2,0.7258848,0.50489336,1.4282535,-0.36655807,-0.21728578,0.98780733,1.0843894,0.7569073,0.33496356,-0.29231313,-0.8292513,-0.94069177,-0.48325413,-0.34152302,0.28977054,-0.50021505
GRK3,-0.16901058,-0.2567783,1.2187442,0.27357075,-0.034864288,0.42531735,1.1528702,0.68718636,0.39873713,0.08802001,-0.29426673,-0.41419625,0.051548045,-0.7625427,-0.7937707,-0.5881266
GRK4,-0.63521516,0.41103455,0.45846877,0.9525032,1.680787,0.15796857,1.6803696,-0.57219523,-0.10685431,-0.28460914,-0.51078385,-0.756406,-0.43297195,-0.75408506,1.1757193,0.6640169
MAST3,0.07946932,-0.6011553,1.1014163,0.30970517,-0.0023569192,0.6388025,0.8111582,0.7308637,0.4662249,-0.069812365,-0.6414559,-0.09017568,-0.07336218,-0.6306781,-0.60546213,0.009686363
MAST4,0.8475961,-0.9343588,0.42733595,1.2596514,0.19386305,-0.59880435,2.1418312,1.4721143,0.45747906,1.8983842,-0.5830401,0.055943634,-0.62496704,-1.126098,-0.91491926,1.4420198
CLASP1,0.24669556,-0.23171757,-1.7207049,0.51456094,0.44244897,-1.0138787,4.160175,1.0329561,0.20454456,0.43966675,0.86874807,-0.24366,-0.5099346,0.051151834,-2.4847376,0.03921284
PLK1,-0.49742296,-1.569107,-0.49598268,0.013733783,0.4507853,1.490533,1.8349372,0.39672032,0.7839054,-0.30192837,1.3746462,-0.59160477,0.7776234,0.16599397,0.017587347,0.8442045
ABL1,1.6126375,-0.6368948,-0.5587429,0.9428642,0.17758612,1.4638615,2.1006913,-1.1998907,1.606744,-1.4049321,-0.2642248,-0.15400937,0.12228054,-1.7054874,-0.03542669,-0.5141317
MAST1,-0.86058533,0.13238123,0.7578066,0.48868677,-0.18641771,0.28368562,1.3301779,0.5780774,0.4931012,-0.1948952,0.030510297,-0.6449373,0.36001813,-0.627965,-0.043356877,-0.14498876
PLK3,-0.8936297,-0.5028499,0.18033575,-0.6046726,0.290646,-0.076943114,2.3938286,0.8834231,0.6558293,-0.46767658,1.3550551,0.08158078,-0.26780492,-0.39890268,-0.09447421,1.3375596
PLK4,-0.76234454,-1.303632,1.3057555,-1.6048616,0.25708202,0.9100079,2.246713,-0.20164302,0.84043956,-0.44526598,0.34584677,-0.696382,0.66065246,1.2927411,-0.3466403,-0.07554949
PLK2,-1.225419,-0.9794338,0.33761153,-0.4695632,-0.09016056,0.8125764,1.9246922,0.8145413,0.9337602,-0.3356092,0.73816675,-1.0100684,-0.07952989,0.5853981,-0.64442885,-0.2169063
LRRK2,1.1281008,-0.24357937,1.026948,-0.08218795,-0.2803888,1.0449691,1.526279,0.20186973,0.09500681,0.22463752,-0.6242143,0.3181247,-0.5382324,0.2877382,0.1682811,0.8940392
MASTL,-0.6696052,-1.4253985,0.07833624,-0.5415203,1.1890612,0.23633237,1.2565964,0.99751806,0.75977737,-1.1655716,0.5934083,-1.4510666,0.33841592,0.7010813,-0.09246534,0.723424
RPS6KA1,-1.056793,-0.5127856,-0.4409644,1.1619494,0.5979656,0.30822772,1.3035331,0.10701035,0.0075410875,-0.17306285,-1.8696619,-1.2911166,-1.3484509,0.17921995,-0.49358812,0.11445018
CHEK2,0.027771225,-0.92436326,-0.36438048,0.6420779,1.301152,1.1148336,1.1893775,0.051956598,1.1913565,0.01730574,0.94731265,-1.5791999,0.07052665,0.6783314,-0.75921696,0.054669715
TTK,-0.23052973,-1.4508686,0.17893928,0.38883123,0.494369,0.8513715,1.3566787,1.6411859,0.77879524,0.36699677,0.5375895,-0.18729976,1.2823894,0.9873841,-0.6945118,0.8817733
STK38,-1.4586552,0.47218722,-0.67103744,0.14295267,-0.35967416,2.0768723,1.1665424,1.280439,-0.24383631,-0.5085912,-1.7931774,-0.43972263,-0.059553955,-0.24725088,-0.063106515,0.35810855
TP53RK,-0.65061396,-0.3986946,-1.1227365,-1.0510634,1.9922788,0.62132,0.5795022,0.5620981,-0.289284,0.8061409,-2.130935,-0.42426953,0.3074242,0.51927954,0.1555478,-0.2690553
MAP3K2,0.24156497,-0.70831037,0.37630555,-0.27788034,-0.03471115,1.3685509,1.7856268,-0.32378864,-0.122837745,-0.6603408,-1.8648822,0.17279333,0.60324126,0.6277555,-0.6447326,0.5365264
PAK2,0.573842,-1.2042767,0.35554495,-0.46427283,0.40833434,1.0503589,1.4000815,0.2737749,-0.5612308,-0.46556687,-2.2000368,-0.24761267,0.18836994,0.717301,-0.045273174,-0.25409353
STK24,0.5858897,-0.21117531,0.40545708,-0.33752245,0.55823815,1.2476157,2.482971,-1.524492,-0.46483174,0.5941848,-0.36174226,0.11512148,2.2199178,-0.0004876055,-1.1569699,1.2265134
STK26,0.6988439,-1.5357352,0.5649421,0.32297137,-0.08145278,1.1740092,1.218641,-0.56666493,-0.2156866,0.047254667,-0.37836802,-0.3826197,0.16238277,0.5890805,-0.0013910577,0.3738052
LATS1,1.1346276,-0.81776285,-1.7201684,-1.1449116,2.9225757,0.06060647,2.704648,0.96963006,-0.98584974,-0.12952565,-0.0069479784,1.6604594,-0.500047,0.008767618,-1.0749077,0.72340894
LATS2,0.5472551,0.80279005,-0.08906113,-0.8982246,0.4956906,1.4088056,1.6304107,1.5578625,-0.049490675,-1.6192805,-0.14970699,0.3012225,0.25177747,1.1598626,0.5432082,0.7659568
MAP4K4,1.8095711,0.23789527,-1.1395351,0.5738074,-0.615573,1.5009209,1.8550082,-0.25440323,-0.03894075,-0.9080626,-0.87223816,-0.758362,1.6356269,-0.2867006,-0.5067913,0.6241217
STK38L,0.009116988,0.25736603,-0.8192805,1.5636077,0.8275145,0.8573442,0.7962113,-0.56591797,0.5192355,0.39090285,-1.1966605,-1.0433558,1.2288924,-1.5942585,-0.5593488,-0.2971283
CLK3,1.0947886,0.30358982,0.19862114,0.34503484,0.9457832,0.8598351,1.4305834,-0.05346029,-0.5221765,0.6261442,0.3200143,-0.4592282,1.5140451,-0.91172266,-0.7570453,0.49712485
PRKACA,0.63000154,1.4164405,0.56634307,0.1823383,1.3315897,-0.013633401,1.3415468,2.002954,1.5004143,-0.0033216164,-0.13551456,-0.91580224,-2.2365081,-0.43959376,-0.61448205,0.22759654
PRKX,0.50791484,1.030887,0.27483267,-0.34483775,0.52405876,0.4860333,1.3808143,0.36019364,0.095223516,0.07632772,-0.626231,-1.478033,-0.6358211,0.37249577,-0.124859266,-0.16994739
CAMK4,-0.20413752,-0.2903116,1.2294943,0.09579296,0.3192813,0.29212797,0.69297945,0.219227,0.6027567,-0.25614077,-0.1771456,-0.82418513,0.48458877,-0.4707766,-0.1987922,0.30008182
SIK2,0.542708,1.0135849,0.31254554,-0.47731856,0.43558076,0.4927616,1.3804878,0.29820994,0.12583168,0.067698464,-0.6772695,-1.5293622,-0.5497341,0.2755434,-0.14300005,-0.08406259
PHKG2,0.46924022,2.1178312,-0.15481338,-0.1593928,0.43233874,1.0476186,1.7845821,0.647301,1.8614103,-1.1628826,-1.1032706,-1.9590405,0.57106805,0.5515602,-0.5195884,-0.05307356
DYRK1B,0.52492744,1.0938126,0.2005391,-0.5156413,0.4446463,0.4514362,1.3360579,0.28880683,0.040034022,0.034966104,-0.57035494,-1.4626087,-0.4477755,0.35303187,0.001175893,-0.11134446
DYRK1A,0.3871607,0.17518266,0.1317707,-0.6437029,0.066554874,1.2103801,1.2334113,0.57591087,-1.0669225,0.38859898,-1.7905443,-1.4327124,-0.4457446,-0.5665473,0.51731724,-0.73128915
ULK1,0.57022095,0.96886724,0.2503833,-0.448451,0.40456063,0.508699,1.3143159,0.20171861,0.1294172,0.083898135,-0.6015125,-1.3571295,-0.47371116,0.26487425,-0.14411213,-0.00015448054
ULK2,0.53781,1.0016931,0.15321115,-0.42985612,0.48620078,0.5819683,1.3424709,0.17789412,0.13406034,0.1305966,-0.5178423,-1.5375725,-0.6284342,0.2803044,-0.15519698,-0.12699004
RET,0.45757437,0.43962607,-0.2771475,0.04597268,1.4905584,0.8239824,0.55959344,-0.08365091,-0.58213687,0.3940629,-0.035502307,-2.0649335,-0.24444076,0.43575257,0.19884273,0.12959534
PRKCE,-0.50638944,-0.38225883,0.84801245,0.86922735,-0.09252557,0.47997323,1.0321106,0.5598221,0.38675666,-0.087279886,-0.0038754465,-1.0194051,0.57559204,-1.1040891,-0.3002306,0.08992208
PKN3,-0.64084494,-0.40656063,0.4309964,-0.082037374,0.60612375,-0.2002616,0.85027915,0.51920605,0.13675947,-0.056096707,-0.26824167,-0.7411667,-0.16442035,-1.0864558,0.23065092,0.19074677
RPS6KA3,0.25502264,-0.70734596,-0.31741136,-0.084285334,1.0864686,0.6577787,-0.25783446,1.07707,-0.117146246,-0.46269113,-1.2113354,-1.1545233,0.15745927,-0.8643078,0.003900392,0.25521457
RPS6KA6,-1.1381888,-0.9062884,0.3766304,-1.1470046,0.7483046,-0.53845704,1.4078434,0.71725595,-0.57977545,-0.8051937,-0.7890975,-1.9978688,-0.3792139,-0.3365617,-0.33086768,0.6513281
SGK2,-0.25926244,-0.27405939,0.54912907,-0.2973005,1.0023775,0.30500138,1.1781118,0.01954578,-0.43745458,0.5865922,0.2825101,-0.8249128,-0.642151,-1.4904438,0.6536743,0.36536962
SGK3,-0.69880724,-0.8662075,0.05111392,-0.64109284,0.3764277,-0.7424192,1.5523584,0.57677895,-0.4912385,-0.43644387,-0.19099012,-1.1862864,0.20003952,-1.1096718,0.7902607,-0.16440092
STK32C,-0.45756778,-0.4570814,1.1495814,0.35917366,0.32734725,0.2690259,1.1680918,0.19786379,0.78172785,0.36070216,-0.033215936,-0.64994806,0.48382172,-0.9423378,-0.46476787,-0.29016238
STK32B,-0.32527545,-0.37734917,0.41868362,-0.14896844,0.50724083,-0.2235157,0.9140191,0.35331488,0.23490112,0.11799143,-0.34344402,-0.7179877,-0.120596275,-1.2270182,0.22025993,0.23992383
STK32A,-0.5425363,-0.47638774,0.5589933,-0.114748314,0.54698664,-0.24450324,1.0098825,0.46120417,0.28302056,0.12037149,-0.30146337,-0.9227413,-0.18235928,-1.3905747,0.17786302,0.3337606
PTK2B,0.22720987,-0.79267776,0.794616,0.51443446,0.45064893,0.06625104,1.216818,0.4250549,0.3211354,-0.42185023,-1.5394974,0.48955315,-0.06630173,-0.6395979,-0.20715907,0.44586965
MAP3K7,-0.021918055,0.9745224,-0.014495753,0.67806816,2.093572,-1.1103601,0.9948844,0.616802,0.3753422,-0.14496766,0.07068068,-1.3796091,0.42329228,-1.0518589,1.42044,1.3962325
PRKCA,0.4800904,0.14376491,0.6644017,1.3758507,1.4407429,0.3501034,0.9392636,-0.5423824,-0.043770768,-0.053588487,-0.3932311,0.16698267,-0.23496734,-1.6249175,-0.9239312,0.15980025
RPS6KA2,-0.19000997,-0.56556183,1.072103,-0.07837899,0.31300184,0.4774237,0.93511146,0.06365811,0.7271262,0.13804477,0.034308065,-1.0081978,0.023689361,-0.78881615,-0.377665,-0.08505131
PRKD1,0.0022198134,-0.13137688,-0.24076769,0.63894945,0.1792687,0.27803484,1.6879581,-0.47195083,-0.42500782,-0.7732124,-0.21179,0.04408764,1.5142819,-1.691069,-0.14239527,-0.061264317
PRKD2,1.1107504,0.053887747,0.4946947,0.36862656,0.4752546,2.1058135,-0.03918037,1.406694,-0.7237686,-0.4606479,0.39620876,-0.20535207,1.059986,-0.525643,0.012045327,0.24220575
ARAF,-1.0428249,-0.8983433,0.011374261,0.7533677,0.88572454,0.7866247,0.7860586,1.0658864,-0.48549917,-0.31830996,-1.1509757,-0.110884815,-0.39260247,-2.1267738,0.11502585,-0.8346094
RIPK4,-0.13027753,-0.6607317,0.54896253,0.13902153,0.13503833,1.1555378,0.8940889,0.29325646,0.13668159,-0.23702526,-0.6164722,0.097034894,-0.43873924,-0.78882474,-0.06258405,-0.1519892
BMPR2,-0.33833763,-0.27123797,1.0948031,0.31308526,0.1895552,0.33696127,1.2310771,0.17972578,0.70670056,0.13615339,0.13952112,-0.6025159,0.24200326,-0.62503767,-0.5007015,-0.3684524
TTBK1,-0.92149013,-0.115442604,0.65861964,0.1759118,-0.01746893,0.36210632,1.226603,0.42462912,0.39644778,0.18522154,-0.04267412,-0.6623895,0.6238827,-0.88059354,-0.18825454,-0.496671
RNASEL,0.24215694,-0.19822432,-0.6692123,0.6533205,0.019704003,1.5786452,1.2950407,0.5315136,-0.3037687,-1.0143988,-0.80915064,0.5817395,0.54789686,-0.58335,0.65890527,-0.15457831
MYLK4,-0.16403338,-0.21371834,0.78284186,0.16141959,0.27105394,-0.16322905,1.0081792,0.6178076,0.53417754,-0.1364451,-0.0031681005,-0.62962574,0.81090486,-0.7214136,-0.07782975,-0.43066376
TYK2,0.09772903,-0.64909124,1.2877872,0.5755183,0.9585286,-0.17844631,0.57250196,1.0482243,0.5207687,-1.2114985,-0.48179087,-0.016849026,0.7433435,-0.84076315,-0.4828357,0.72781575
RPS6KA4,-0.24025017,-0.77790004,0.24940564,0.11304183,1.0489055,0.19958805,0.71188533,0.18708108,0.34270525,-0.17082681,-1.5665222,-0.7222307,-1.0235854,0.013253755,-1.2197828,-0.31959906
PKMYT1,-1.3020333,0.5041542,0.46062663,1.0440276,-0.1023073,0.90608335,1.7434419,1.3784863,0.68856037,0.10152364,0.7268968,-1.5509721,0.089732595,-0.61231434,-0.3310513,0.19310085
MAPK7,0.2931086,-0.8427775,-0.8081694,-0.63821006,1.8977171,-0.5843168,2.6409059,2.0881333,-0.38946512,0.20945613,1.6956627,-1.4401752,-1.0580977,-0.37073237,1.0625618,-0.6804604
RSKR,-1.3966143,1.293543,1.2704325,0.63006496,1.2053427,2.2658846,0.9908715,-0.11118531,-0.9641,-0.055688865,-2.1985984,-0.003911192,1.5685744,-0.20336923,-0.66067487,0.58326244
MAP3K1,0.18280381,-0.35623452,-0.19806522,0.088757865,0.799257,0.91032,0.9341332,-0.78272194,0.91705304,0.54031765,-0.77034444,-1.2787905,0.03686141,-0.41530263,-1.4699347,1.5687327
SGK1,0.49882635,0.917894,0.50951004,-1.7379656,1.224891,0.4905738,1.94055,1.7131251,-1.0063118,0.09195645,-0.4935236,-1.2277625,1.2385832,0.88583946,-0.974013,0.26204756
WNK4,1.1809571,0.08050971,-0.31242245,-0.44473526,0.81744987,-0.35385907,2.6247933,1.2912862,-0.44127375,-0.018663764,0.7474236,-0.64962476,-0.25163895,0.17779467,0.9535683,-0.5972774
MOS,-0.4065751,1.0949961,0.7575225,0.114734285,0.98464954,-0.28273007,1.5621628,0.70064497,-0.1022783,-0.2870967,-0.5118006,-1.2215996,-0.08807369,0.1819992,0.89228517,-0.3702434
COQ8B,0.025891064,0.9914163,-0.30644068,-0.08025311,1.154595,0.99480647,1.8845427,-0.1477916,-1.3914541,0.6173469,0.24872015,-1.4985905,-0.8105642,-0.33589432,0.1250135,-1.216097
ADCK1,1.2443612,0.48642182,0.88392115,-0.559435,0.32720822,-0.86186415,2.4733136,0.29081267,0.12666023,0.7465293,0.4765931,-0.25280675,0.48884526,-0.5052005,-0.6948297,-0.095695935
ADCK2,1.1989101,1.0754801,0.6130847,-0.9131515,1.3051065,-0.63879114,2.5667763,0.4042459,-0.11425169,0.39196286,0.3841594,-0.10493287,0.4235565,-0.4895387,-0.37686303,0.8237276
COQ8A,1.2368593,1.9135816,0.7088042,0.7113574,0.5861567,-0.120969325,2.1296167,0.7691383,-0.14389193,-0.17647398,-0.68132216,-1.2992995,-1.229881,-0.4313452,-1.2793455,-1.309661
AAK1,0.32823297,-0.69225144,0.408569,0.71457005,0.05288861,0.55451727,1.0145864,0.5199534,0.40995046,0.45508328,0.06625345,-0.34997705,0.009382493,-0.97904694,-0.35830715,-1.1265118
TRPM7,0.25263563,0.50811017,-1.6567553,-0.1487641,1.2087078,0.9761454,2.0459692,0.51674616,-0.44977358,-0.8709019,0.15534319,0.40176147,0.7850994,-1.2558849,0.2829916,-0.42236516
TRPM6,0.43822768,0.110435404,-1.3711447,0.07575831,1.3440969,0.9882971,1.530656,0.80109286,-0.64589065,-0.5806629,-0.242083,0.26793975,0.28563267,-1.0619847,0.22796234,-0.52744186
NRBP1,-0.30917665,-1.4777622,-0.4215505,-1.3131317,0.8805602,1.1176819,1.2036102,3.0816822,0.7245597,1.1329334,-0.9753233,0.20789146,-1.4925947,-0.65208244,-1.0044875,-0.8309167
FES,0.44685158,-0.8643537,0.9045734,0.26599127,0.49107957,0.6768499,1.5069159,-0.02464951,-0.3078178,-0.3315432,-1.3475204,0.65803057,-0.46426088,-0.8472972,0.2216085,0.09470129
HCK,0.6642329,-1.4544166,0.47586295,0.53437483,0.7628898,0.44990262,1.0224963,0.37135932,-0.07705367,-0.61742455,-1.3637509,0.056445047,-0.33755824,-0.4322901,0.7361461,0.13519442
BRD2,-0.06565291,-0.68624413,0.14628108,0.72648174,1.623637,0.3153302,0.92672485,1.0831736,0.51890016,-0.22887737,0.70859736,-0.34913957,1.2533855,0.6474147,0.3652465,0.27664632
TAF1L,-0.15421285,-0.93455064,-0.5934139,0.6596457,1.6820257,0.8098419,1.2462775,0.6466378,1.0320293,0.57375914,0.50027174,-0.35496363,1.5174474,0.18222459,1.0250494,0.027999027
DAPK1,0.5861172,-0.6211983,0.50581944,1.1439579,0.9541748,1.2966743,0.49625027,-0.10586579,0.09463366,-0.7813723,-0.54369307,-0.10248294,0.0729907,0.100275055,-0.31068394,0.32690528
CDK8,-0.07676938,-1.4694425,0.6471049,1.1425354,2.1064227,1.0011009,1.7462535,-0.012128558,0.63060147,-0.14291644,0.69559616,-0.115885876,0.09870895,1.4924115,1.2686437,-0.102894165
CSNK2A2,0.41359574,0.7295618,-0.016255144,1.4342394,1.6024433,0.83653116,1.4161075,0.058041956,0.5317538,-0.46280932,0.28323168,-0.7059981,0.37015197,1.2836516,0.09011604,-0.4267388
BRD3,1.6976024,-0.75662977,-0.42852426,-0.01182428,1.5666599,1.271473,0.5512088,0.6659072,-0.13802952,1.223956,0.6965516,-0.45067784,1.6694813,-0.34829512,0.15959178,0.036189217
TAF1,0.42028287,-0.7157854,-0.438613,1.6912087,2.666115,0.2558542,1.505849,0.59056044,1.1089723,1.0696787,0.30583772,-0.5900242,1.5898098,0.40635666,0.7707101,0.3234845
CDK7,-0.8312401,-0.9901621,-0.44728276,0.33994848,1.3481569,0.79881835,1.5943061,0.8902405,0.7809144,0.5887376,0.9806055,0.037551798,0.85557324,0.3470059,0.8517196,0.6798999
BCKDK,0.3226884,0.7771772,0.12868772,-0.19209142,0.74611646,-0.4741039,1.0048833,1.6211417,1.3022387,-1.5272853,-0.932759,-0.62545186,0.7686928,-0.5336396,-1.0713384,0.73312104
MAP3K4,0.67612255,1.0712923,-0.7043359,-0.49505576,0.9841368,0.9963127,1.6226763,0.58507514,1.2570306,0.45926848,-0.48607746,-0.5846594,2.4794455,0.7892038,0.12510973,1.6189965
MAP4K1,-0.079040185,-0.28090256,0.6881428,0.32982433,0.8362437,0.96655416,0.7269035,0.48036456,0.19456393,-0.35840744,-1.1250341,0.7706383,0.045521703,-0.4368422,-0.6515912,0.51025367
PDK3,0.4952089,1.5443338,0.12265929,-0.55195296,0.7604143,0.9313166,0.5532285,0.76774186,1.1050674,-0.22529382,-1.3483416,-1.6311072,1.6684445,-1.2354662,-1.1895735,0.57336414
ZAP70,0.108901754,-0.37022105,0.73116064,0.57258034,0.81924355,0.55926996,0.51722604,0.59620434,-0.16172014,-0.6640095,-1.1498573,0.077825636,0.47511387,-0.40081137,-0.13403112,0.98431814
TRRAP,0.05057512,-0.51231885,-0.7528022,0.70150536,1.2968723,0.5309372,1.102439,0.67054313,0.7570219,0.19577421,0.59158224,-0.67192906,1.0881491,0.48074308,0.034279693,0.9218192
CDK5,-1.0350412,-0.37452906,-0.059746698,-0.46733648,1.0732616,1.3679034,1.2331711,-0.0069021243,0.10592409,1.0831002,1.3152884,-0.68545985,0.2948076,-0.7738818,0.25076514,0.5910248
DYRK2,-0.8206214,-0.41612315,-0.27356398,-0.020337285,0.79419106,0.6123952,1.3731232,0.345693,-0.19670741,-0.0459432,0.19531038,-0.05965252,0.13758728,-0.45899382,0.428666,1.5009594
HIPK2,-0.7797725,-0.4104223,-0.31591955,0.040874608,0.8299399,0.5283196,1.3849652,0.40266737,-0.31712052,-0.02034459,0.14994301,-0.1168683,0.12084146,-0.46335354,0.46241134,1.4835405
CDC7,-0.84960264,-0.07832075,-0.7373212,0.42879397,1.0579689,1.1020442,1.7883493,0.9005011,0.253553,-0.57393175,1.3125179,-0.24135502,0.040628605,-0.20944525,0.18739618,1.4559802
ALK,0.04335354,-0.25068775,1.5056754,-0.34311533,1.2406709,1.6129018,1.2606893,-0.010979465,-0.21164273,-0.3773266,0.065877736,0.8951298,-0.36908296,-0.040772915,-0.48443815,2.0577354
FGFR2,-1.6059012,0.3242793,-0.36911586,0.008146577,1.290396,1.1148617,1.6203346,0.3263311,-0.22615527,0.061408393,0.19304445,-0.24226724,-0.89276505,-0.4262474,-0.060202844,1.2956113
RIPK1,-0.98249817,-1.0682557,-0.33563334,0.059027843,1.1911232,0.4229843,1.4228643,0.01421293,-1.4756081,-0.32214293,-1.3867918,0.44730225,0.58080995,-0.5077422,0.9638005,0.052856628
WEE1,0.655898,-0.3161004,-0.6987194,0.52276,0.31781095,0.9417373,1.833094,1.2384616,0.733798,0.53108954,1.5016325,-1.5260181,1.2963041,0.33931252,-0.01284203,0.3043223
WEE2,-0.37328368,-0.5700068,-0.40300903,0.7049515,1.2359861,0.34358993,1.6626375,0.6729637,0.44859976,0.5255235,1.0403806,-1.8907021,0.2712666,-0.023661103,-0.21072201,1.1187363
CAMKK2,-0.3879274,-0.3239593,1.4056983,0.124302424,0.096302904,0.52292246,1.2531136,0.22985393,0.4243287,0.49934116,0.07500413,-0.65674126,-0.10783197,-0.75449973,-0.21352112,0.043007623
ERN1,0.014752794,0.31921995,-0.088268414,-0.25301474,0.8299246,0.9293677,1.1340232,-0.386122,-0.5040183,0.3607673,0.13940759,-0.72594464,-0.53002495,-0.59966147,0.44127974,0.51570857
EIF2AK4,-0.15893938,-0.19120574,0.12118915,0.5516242,0.57713294,1.7254505,1.2002549,0.18167377,-1.1525049,0.7929029,-0.9270578,-0.076067016,-0.82022125,-0.54242754,0.41462317,0.21053533
ULK3,-0.0113170035,0.011915686,0.863926,-0.19203019,-0.0015611461,0.6433929,1.3982232,-0.2715073,-0.45153978,0.9232621,0.013804697,-1.2670443,0.053141516,-1.2880281,0.23246229,0.04539342
MAP2K7,-0.57542163,0.32592782,-1.0341848,-0.6646033,0.86006135,0.57740515,1.7435216,0.41551182,-0.29044732,0.61770177,0.14470027,-1.2874393,-0.8927404,-1.0601776,0.721817,-0.119615786
MET,1.2126918,-0.15702106,-1.3355222,-0.93141323,1.071239,1.8798726,1.8643796,-0.27503625,0.1584628,-0.41342214,-0.8375876,0.31452152,-1.5945443,-0.39280456,-0.06654681,0.64701504
NTRK2,-0.2918728,0.44258708,0.92626864,0.24636993,0.84645844,1.1358426,0.2585173,0.61900944,0.16538832,0.66790146,-0.09629983,-1.502508,0.32898512,-1.0178262,-0.56334853,-0.70734555
FLT1,-0.06102275,-0.96667886,0.65390617,-0.32967195,0.5367307,1.7242819,1.3639684,0.34300742,-0.4131169,-0.4895272,0.8109006,-0.17687248,-0.97576153,0.82329226,0.22294502,0.654345
FLT4,0.024110202,0.2898847,-0.10423332,-0.20909572,0.69882685,0.83438075,1.2945727,-0.46292394,-0.6444576,0.32175857,0.21942306,-0.8381725,-0.41556078,-0.49819565,0.42641005,0.5422548
SMG1,-0.43612278,-1.5629584,-0.4585764,0.009422171,1.5190161,-0.03257991,1.3560498,-0.7069089,-0.25403598,-0.6576933,1.0795989,-1.246985,0.13790323,-0.43153608,0.05852831,0.2318041
PRAG1,0.4590949,-0.7949963,-0.7394892,0.4468098,0.5463881,0.5107528,0.7409487,-0.19459535,0.045537908,-0.0719778,-0.68809664,-0.08647385,1.0188088,0.23354255,0.33253056,0.49821523
RIOK1,-0.06752431,-0.8397372,0.3113923,0.18844815,1.4754018,0.56213725,1.730453,1.2078216,-0.15239085,-0.13593283,1.6737158,-0.9499691,1.2126867,0.7673377,0.42486694,-0.065419205
RIOK2,-0.45849687,0.60746187,0.94205046,0.48227343,0.09415539,1.0037086,1.6185046,1.6148251,-0.17240873,-0.5808713,1.119932,-0.7697546,-0.015737455,0.05920143,0.55641675,-0.9374444
VRK2,-1.5478896,-1.0115308,-0.7874861,0.10105795,0.94890493,1.2684847,1.82738,1.1329226,-0.32206702,-1.4374256,0.54634845,0.43460062,1.9191164,0.10436074,0.1530581,-0.04898394
TRIM24,0.47371146,-0.8864081,-0.6297422,0.066402525,2.932521,0.63355786,0.77122694,0.74128336,-0.3105874,0.15480925,0.9579749,-1.0084671,0.41420516,0.4364766,-0.96674913,-0.14434764
TRIM33,0.37843895,0.0033803221,-0.98171395,0.03216938,2.4777272,0.91270375,1.3319222,0.58433133,1.2028424,0.29319853,1.0043551,-0.9711426,1.1866106,0.6590024,-0.36722347,-0.2162921
CDK9,0.04219058,-0.881761,0.8449409,0.75546175,2.311299,0.908233,0.5895823,1.9926679,0.50195754,0.43398973,1.213085,-0.60418063,0.18917678,0.61194044,0.43738854,0.47479552
CAMK1D,-0.14039887,-0.30534878,1.0266066,0.14194453,0.30888668,0.3687988,0.7706486,0.38279593,0.63832134,0.0804562,-0.1571683,-0.80247056,0.32425344,-0.7140538,-0.38670078,-0.3244282
CAMKK1,-0.47535864,-0.34255227,0.81450415,0.56523365,0.024526928,0.48932534,1.1603403,0.22953464,0.8397477,0.089807354,-0.051252536,-0.7312397,0.5300195,-0.91865015,-0.22894691,-0.41720033
RIPK3,0.08890574,-0.70120585,1.0900182,0.42092854,0.4070516,1.0808334,0.9453548,0.72430086,0.29589602,-0.7849927,-1.1302236,0.61764276,0.24554542,-0.46422553,-0.54452085,0.2314368
CAMK2B,-0.16352962,-0.46980608,1.1735797,0.15757623,0.3088116,0.3656922,1.078859,0.47688773,0.6071211,0.49420375,0.28123066,-0.6231891,0.13193303,-0.95544285,-0.037028607,-0.3579141
MARK3,-0.72415924,-0.11747232,0.83763415,-0.47714585,0.29329997,-0.25152263,1.7544318,0.816017,-0.51177645,-0.074793234,0.83704525,-0.25997454,0.41803154,-1.4255376,-0.042192657,-1.0117897
CAMK2G,0.5921998,-0.07893997,0.27762714,0.26176715,0.50148016,-0.0012272373,0.85103875,0.52983934,1.2492591,0.7049046,0.007982199,-0.30789837,0.37877825,-1.6961001,-0.1886473,0.10023512
BRSK2,-0.668538,-0.35626394,0.6822496,-0.17701952,0.0022969204,0.20977022,1.2471434,0.3910992,0.5913576,0.1026874,-0.026414927,-0.73566365,0.58622336,-0.9617995,-0.45563787,-0.5318115
BRSK1,-0.47178286,-0.55110055,0.6904854,0.30093977,0.030048002,0.09417553,1.2262387,0.47604844,0.57273585,0.3358432,0.084009446,-0.72850627,0.47813672,-0.8097519,-0.27995047,-0.480391
PBK,-0.66180986,-0.46348116,-0.2652192,-0.14605549,0.4576554,1.7353386,1.3328917,1.5087916,0.90412253,0.18949567,0.20409428,-1.2204942,1.359514,1.3711249,-0.95892954,1.5786724
MARK1,-0.7324838,-0.13682684,0.9380213,-0.20894435,0.38629234,0.1621625,1.5934328,-0.28870657,0.33709237,-0.2627947,0.5730623,-0.6794478,0.28264645,-0.89820373,-1.1138456,-0.4020977
BMPR1A,-0.3966001,0.5988494,1.130339,-0.8378604,1.1976391,0.8673058,1.9989105,-0.1008567,-0.64186066,0.50434697,0.3129826,-0.6299629,-0.2397603,-0.03028476,-0.14109048,0.6770716
MELK,-0.5198849,0.65054625,0.8511405,-0.557218,0.32776478,2.8455007,3.1429553,1.8213602,0.50016075,1.6408533,-1.6342492,-0.4650299,1.5507377,1.5723649,1.062897,-1.3868661
NEK2,0.46886927,0.71149653,1.5321065,-0.84422386,1.371544,1.2377479,2.554241,2.4872332,1.0414548,0.42136896,-1.954798,-1.1235207,1.6590161,1.8744318,1.1298636,-1.7929345
STK40,-1.5881696,1.4134079,-0.8931758,1.4991732,1.6004268,0.83036196,4.1534133,1.9705169,-0.45462352,0.49161106,0.38534853,0.85803175,1.3942859,-0.72177047,-0.3610493,-1.4064063
VRK3,-2.3224633,1.2747701,-0.5108891,0.11112685,2.105758,0.68572825,4.0493155,1.203454,-0.69008195,-0.3287974,-0.22712673,0.9348912,1.6486809,-0.08359969,-1.8979851,-0.7103754
DAPK2,0.25773937,-0.13093853,0.34158507,1.4510621,-0.19498898,1.7367822,1.0344739,1.1342326,0.72750264,-0.15971912,-0.8759297,-0.2122815,-0.8337429,-0.26770276,0.41283968,0.3268932
DAPK3,1.2525139,-0.16783749,-0.37825412,0.7161655,0.22154842,0.5134298,1.0193326,0.082332574,-0.5691821,-0.14338319,-0.77942526,-0.4370335,0.2534195,-1.1030442,-0.6608056,-0.13909797
DCLK1,1.7632816,0.6697355,1.1642259,0.85259235,0.38680506,0.012187071,1.3992835,-0.24572487,-0.28676277,0.14983648,-0.76825225,-1.2145144,0.34266627,-0.7619622,-0.010322462,0.617966
GAK,0.34095588,-0.6227208,1.0714197,0.4741443,1.5810788,0.7914391,0.5155016,1.7481304,0.54626405,-1.8906525,0.032901786,-0.27683896,-1.3599886,-0.8401081,-1.4059162,-0.08084482
PHKG1,-0.026838683,1.4685923,-0.009344023,-0.8864367,1.1923561,-0.22298092,1.9009173,1.8794491,0.3436785,-0.60079056,-0.56853205,-0.005192918,0.27807015,-0.07945731,0.15771097,0.14889494
PIM1,0.48068717,0.6642884,-0.32667017,-0.60143834,1.8649778,1.056742,1.5717872,-0.11796807,0.18132947,0.35840425,-0.5268349,0.33885068,-0.9763541,-0.615661,-0.32494682,0.04985379
NEK9,-0.9251227,0.67699903,-0.78221524,-0.4145047,0.5296457,1.8192817,1.2960222,1.0757507,0.17889601,-1.6216711,-0.012423486,-0.32159755,0.38268748,-1.4045261,1.5612372,-0.49521273
TRIO,1.5363314,-0.23979272,0.16476208,-0.27603695,-0.14925492,0.63148814,2.5078862,-0.46778324,-0.52118635,1.0556617,0.015480454,0.4549929,0.020250745,-0.85305125,0.44637984,-1.5802202
CDK12,-0.11172452,-0.6015521,-0.25315925,0.8767886,1.8563762,0.91103786,1.6215284,1.209967,0.91252476,0.33510458,1.0643743,-0.25316048,0.30841312,1.165671,-0.21937495,0.94747835
MAPK6,-0.673836,-0.6363804,-0.3004866,-0.49575347,1.123177,0.6693454,1.2916251,0.5399541,0.2905796,-0.18801035,0.66307914,-0.37483275,0.52784574,0.71699536,-0.2898279,-0.098551385
MAPK15,-0.040851604,-0.36927176,-0.27426624,0.2097852,0.94331527,1.1588378,1.6486112,0.2333984,0.11164424,0.13575502,0.71342236,-0.18938123,-0.08425652,0.8877548,0.26768273,0.9692906
CDK3,-0.78607786,-0.51877654,-0.17724384,-0.34587747,0.73332596,-0.3576324,2.3918083,0.6326121,-0.00041696653,-0.35896894,-0.161498,-0.6716516,-0.36601838,0.5423203,-0.4679238,0.6886351
CDK13,0.052449565,-0.22696105,-0.6471874,0.58389413,2.2055755,0.8852007,1.6798161,1.5018797,0.45190945,1.1539458,0.11507573,-0.7422265,0.75732774,1.6646857,0.97050893,0.17764631
PRPF4B,-0.07580216,-0.5794795,-0.6701751,1.0614917,1.8564157,0.8658987,1.647499,0.9951241,0.25009072,-0.072413415,0.7314421,-0.23090518,1.3519652,1.1740924,0.05730496,0.057760656
SLTM,-0.3047185,-0.91132146,-0.71401834,0.23670809,2.299363,1.2102811,1.2572994,0.6903937,0.09024953,0.9772068,0.09536443,-0.092743464,1.8623257,0.8021726,0.46856415,-0.27989388
KSR1,0.6875881,0.043098763,0.25038484,1.2341663,0.485749,0.78053683,1.3641939,-0.035615556,-0.027521253,-1.2334343,0.9627529,-1.9565072,0.16163546,-2.0741239,0.18821883,-0.6048791
CNKSR2,-0.22935979,-0.35379118,0.90193576,0.286588,0.23835585,0.34199384,1.0293158,0.39622518,0.75352556,0.28784862,0.046445727,-0.83553845,0.17407498,-0.95880866,-0.51906437,-0.23489688
MAPK4,0.35055515,-0.067391045,0.7158688,0.3717808,0.84527993,0.9398785,1.0734413,-0.32713443,0.08234216,1.1770566,0.3958581,-0.73997205,1.2157869,-1.3809438,-1.2142093,0.029966308
MAP2K6,0.4062056,0.76386184,-0.98558575,0.46061543,2.4650452,2.0251744,0.45762193,0.64666456,0.7443121,-0.12094736,-0.3861158,0.72745466,1.1664668,0.14116257,-0.621978,-0.49219102
HASPIN,-0.29099694,0.08169895,-0.12084174,-0.17345504,0.6650616,0.20122083,2.1872628,0.94648576,0.26112998,0.080964155,0.27929482,-0.7003262,0.27171537,1.0271857,-1.0204434,1.0376354
EIF2AK2,0.08521575,-0.14308856,-0.43074504,0.83020866,0.9763221,1.4334133,2.1888366,1.5186112,-2.5424385,-0.5247115,-0.17426905,-0.037600078,-0.16960263,0.27649745,0.7948215,0.27723336
IKBKE,0.30699626,-0.7417006,0.82939404,0.18511173,0.47476083,1.312724,0.6064973,0.8568549,0.23736596,-0.40534878,-1.440594,0.2603251,0.43979192,-0.2306489,0.102612175,0.8685558
ERN2,-0.10543021,1.1447455,0.2258401,-0.33105433,1.0836908,0.20734933,1.7545468,1.3039912,-0.010365702,-0.4592436,-0.60463744,0.15246667,-0.021180661,-0.11832984,0.8534339,0.3393387
STK16,-0.29258507,1.1375734,-0.5852984,-0.67905855,1.4897316,0.4138479,1.6470649,0.47630116,-0.029017737,-0.5828163,-0.039724316,-0.078638665,-0.15487932,0.1062929,0.4563781,0.09212911
BMP2K,0.4679531,-1.0958604,0.96863294,0.47078478,0.5099224,0.80341893,0.9712693,0.20423386,-0.5436508,-0.55414826,-1.1775838,0.2794042,0.3177835,-0.6292606,-0.25198764,0.26688623
EPHB2,0.4274897,-0.8798136,1.1797756,0.34688422,0.077214256,0.61195856,1.0276431,0.8362137,0.4086485,-0.8143323,0.92060834,-0.96337956,0.11212447,-0.431335,-0.2729148,-0.66011465
LRRK1,-0.24578527,-0.45411384,1.3236799,0.29548395,0.39076376,1.4188244,0.9506564,0.87140673,0.105856046,-0.4845727,-1.437092,0.40615484,-0.2727708,-0.37181365,-0.13671836,0.22143999
MYT1,0.15990375,-0.5769425,-0.34520984,0.27564096,0.97591776,-0.46608537,2.0703316,0.7059077,-0.1973627,0.04434162,0.591525,-0.6503192,0.5896251,0.67584676,-0.3220186,-0.23312047
LIMK2,-0.19953102,-0.8342375,-0.701915,-0.64850396,0.5737619,1.1690443,1.4074119,1.4055431,-0.223942,-0.79537547,-1.024462,0.35195357,-0.14601465,0.014021144,-0.030075675,-0.020899704
PAK4,0.14726765,-0.8557792,-0.96682835,-1.0934691,2.1634884,1.1549104,0.98695666,0.075950876,0.41552883,0.29748178,-0.589917,-0.86623937,1.0476496,1.2791421,-0.86857104,-0.7729354
PAK5,1.3717139,-0.85883766,0.29700038,-0.6251234,2.2649586,1.0459356,1.5110198,1.2249205,-1.0336808,0.99560356,0.9133997,0.71615636,-0.57451564,-0.11285926,0.061315607,-0.7207394
EPHA6,0.70542264,0.77710485,-0.49043164,0.660442,0.19957073,0.90804267,2.4673033,0.18131052,-0.44363856,0.19310965,-0.1707884,0.40455908,0.5869818,-0.5559482,-0.97678757,0.22370127
ABL2,-0.6596288,0.18279952,1.2181069,0.5538042,0.20114514,0.7350591,1.3463081,-0.09867112,0.90600765,-0.6877702,0.49932027,-0.93313605,0.61883515,-0.54147303,-0.9031838,-0.2917979
AXL,0.7591741,-1.2834547,0.7025153,0.21210562,0.800629,1.274176,0.8273793,-0.36820838,-0.25044918,-0.38748714,-0.598604,0.15669626,-0.017050035,-0.7166814,-0.5993396,0.7732205
DDR1,0.06459082,-0.22906598,0.92813617,-0.016655004,2.7861648,-0.0066115954,1.5192587,-1.0593035,1.3653412,-1.6358161,-0.14717966,0.3903448,1.2326379,0.51620156,-0.06933193,-0.8520988
EPHA1,0.38656348,-0.6426242,0.34454346,-1.0989006,1.3794945,0.12983303,1.7660238,-0.9621863,0.6265841,-0.41265512,-0.03803272,-0.5484935,0.6551394,-0.6434554,0.07203591,-0.36886588
EPHA4,-0.1115094,0.056182977,1.1928521,0.00021031508,0.7451379,0.44788375,0.9748931,-0.13771696,1.1007024,-0.040909044,0.18603666,-0.5972402,0.15565294,-0.5177652,-0.8064156,-0.81807655
EPHB4,1.0606514,0.38157937,1.4109787,0.1694648,1.6044788,-0.0014275492,2.1603775,-0.85852927,-0.3224221,-1.3120769,0.99128526,-0.8053739,0.8400256,-0.8159957,0.62086385,-1.9093277
EPHA8,0.44002265,-0.57772696,0.35469413,-1.0736618,1.3343008,0.10732742,1.7150687,-0.89465433,0.4922552,-0.43398368,-0.07693146,-0.43852517,0.5656508,-0.52819484,0.09537826,-0.39622244
EPHA7,1.2651603,0.6368428,-0.028513037,-0.027293492,1.7043167,-0.18116838,1.511,0.1829497,0.40167496,-0.25175694,0.26322594,-0.045185138,0.72056925,-0.62468934,-0.34818852,-0.6391047
FGR,-0.28450185,-0.42897454,1.3461733,0.15264231,0.1867518,1.265242,1.4611204,0.40053922,-0.65617543,-0.046460792,-1.0767502,0.44543454,-0.7247857,-0.14907949,-0.37430868,0.447273
KSR2,-0.25836694,-0.20114408,1.2906721,0.004178283,0.3220106,0.30303648,1.0478302,0.80181855,0.40364096,0.84157294,-0.098539844,-0.43812072,0.1267444,-0.91569495,-0.54505545,-0.4648301
ACVR1B,2.850129,-0.3655613,0.4582854,-1.5911113,2.748382,-0.48579597,2.730521,1.5945497,0.11847082,-1.8402225,-1.2082402,-1.2628095,0.9925771,1.1293287,-1.3636512,-0.092372544
ACVR1C,2.3730438,-0.2053465,1.2632345,-1.1364777,2.7389576,-0.79255956,3.442185,0.12849596,-0.23859778,-2.098077,-0.7000404,-2.1878493,0.12008504,0.9667147,-0.025684208,-0.111328214
CDK18,-0.063598774,-0.20909435,0.88900346,0.49566028,0.15163085,0.9738292,0.48254758,1.0290052,0.560512,0.75716174,-0.43224788,-0.9252115,0.2043342,-0.9707633,-0.7756593,-0.090197496
WNK2,-0.21330088,-0.4549141,0.6575459,0.25089163,0.46377346,0.6812557,0.69785416,0.16629086,1.159059,0.45877448,0.33390245,-0.63275313,0.60131705,-0.3195691,-0.05630993,-0.2306914
NUAK1,-0.23791201,-0.33618945,0.9992967,0.19786379,0.09339481,0.1643937,1.1565607,0.5047527,0.79256463,0.52433175,-0.11492369,-0.71112293,0.29246867,-0.75764865,-0.2311828,-0.18290414
MAP3K10,-0.29391113,-0.50520456,1.2635726,0.34091425,0.23781955,0.480002,1.1253163,0.31823355,0.8798328,0.57908493,-0.17109996,-0.70050466,0.40582234,-0.6878618,-0.3850077,-0.45030165
MAP4K2,0.21063453,-0.8493755,1.0731122,0.08437818,0.70811594,0.19247459,0.6216785,0.5793406,0.6332273,0.98544127,-0.6573311,-1.0125514,0.530573,-0.8686822,-0.51128864,0.048224926
TRIM28,-0.7639947,-0.7106372,-0.3759934,0.073788434,2.8485842,1.2491696,0.8722838,1.0375801,-0.70730674,0.8148816,0.25589925,0.13480702,1.515773,0.83077437,-0.9968856,-0.26106197
TLK1,0.4379247,-1.059715,-1.6760538,-0.3003121,1.2044733,0.5382531,2.194796,1.2606983,0.4970552,0.27627572,0.70817757,-1.0720733,1.3543563,0.7915564,1.0072569,-0.094419755
CDK11B,0.050456297,-0.54581565,-0.47136158,0.15226886,2.0422812,0.4413446,1.802942,1.184808,0.33988968,0.16427004,0.83456355,-0.6706071,1.0076039,1.3917813,0.45284912,-0.5272775
TLK2,-0.047294177,-0.85988414,-0.20126478,0.567619,1.9937243,1.6452624,1.4708303,-0.20340055,0.12440656,0.819518,0.70265967,-0.6743013,1.8329443,1.0293784,-0.03694597,0.18403248
PRPF4,-0.042544246,-0.21122928,-0.062345985,0.76512563,1.6295847,0.47032323,1.332983,0.6004637,0.3977153,0.11380208,1.1831288,-0.86274505,0.88093394,0.74233055,0.23468736,-0.051794264
NR2C2,0.55709636,-0.37046906,-0.23037373,0.6579419,1.5570964,1.0308329,0.4298891,0.56542367,0.3486827,0.509172,0.55191535,-0.50116783,1.5845435,-0.115192436,0.23142716,-0.20392928
RERE,0.25302377,-0.5636561,-0.63413817,0.4532982,2.3840935,1.2699684,0.9656957,0.96370196,0.2782683,0.7613372,0.84001285,-0.57653725,1.9327314,0.076286666,0.14963622,-0.035415236
VRK1,0.1635807,-0.4656967,-0.27591705,0.763181,1.0696187,1.0681077,1.2511855,0.62119746,0.87995875,-0.18887773,0.6879298,-1.3015004,1.1744366,1.1959143,-0.32403228,0.15965882
MARK4,-0.14905645,-0.2436053,0.94682765,0.3598887,0.25905997,0.4298223,0.9994808,0.36220622,0.91192055,0.31372643,0.11192583,-0.7914906,0.15789048,-0.98017126,-0.18401083,-0.18706734
PAK3,-0.49526808,-0.38980535,0.8380825,0.24667172,0.028163811,0.27543545,1.2316831,0.4546143,0.5540134,0.2643915,-0.0082504,-0.77090997,0.30397797,-1.0132202,-0.19871174,-0.44713378
CAMK1G,-0.17229944,-0.2645907,1.0648295,0.16373147,0.083243586,0.42666528,1.0676153,0.5380797,0.7736181,0.60169256,-0.08786035,-0.75665814,0.27226558,-0.6923654,-0.4834524,-0.29954892
CDKL5,-0.223503,-0.14707962,0.7026378,0.6985367,0.24124451,0.24144487,1.038124,0.3092307,0.757016,0.27495116,-0.05832966,-0.4717128,0.53340846,-1.1931367,0.03862966,-0.38196465
EPHB6,-0.2234237,-0.50816154,1.1519542,0.080323584,0.32665473,0.35631883,1.0953755,0.25413942,0.8043984,0.32222036,0.09678274,-0.74377245,0.2674435,-0.94623226,-0.45142853,-0.36748815
NEK6,0.7024867,0.14579572,0.55175203,0.4216413,0.48665488,1.2088029,1.2608103,0.02153627,-0.4073834,-0.8946067,-1.3801321,0.65790266,0.43543598,-0.80333424,-0.9616053,0.18668875
STK10,0.29902774,-0.7898005,0.3634251,0.22208764,0.21896248,0.71199983,1.1913719,0.34793192,0.025363132,-0.68441176,-1.2152115,0.68465465,0.18400766,-0.6312573,0.12139383,0.17527154
BTK,0.29078233,-1.1327865,0.2751215,0.56026846,0.2040877,0.7764514,1.291623,0.20014887,0.58256483,-0.72130793,-1.4922814,0.6704,0.31655288,-0.52386594,0.44406378,-0.14287326
FER,0.84254193,0.56350005,-0.58691436,0.87859035,0.23825133,0.7813484,1.3869187,0.11218953,0.17790377,0.010353672,-0.6534705,-0.35048062,0.7563067,-2.3327906,-1.4083503,-0.37988314
MAPKAPK3,0.58148986,-0.9752056,0.70841855,0.48442614,0.3100401,1.1995327,1.1567143,0.5949818,-0.3921251,-0.070394605,-1.2535641,0.40057042,-0.41442564,-0.81554264,0.39729553,-0.29278958
MKNK1,0.7226324,-1.4507904,0.17084914,0.5379756,0.7102731,0.9605514,1.263577,-0.032404765,-0.45927915,-0.7729501,-1.162766,-0.02159757,-0.6810762,-0.6786829,-0.34359655,-0.22817306
RIPK2,0.9580581,-1.7959176,1.2373855,0.16096859,0.59584755,1.4688941,0.7158428,0.37964168,0.0426326,-0.32752103,-0.9754547,0.08680673,0.42752343,0.48228088,0.49431124,-0.29712123
STK17A,0.048415072,-0.8065372,-1.2953366,-0.9675194,2.2388532,1.0705252,1.7726774,-0.122453764,1.2013726,-0.45195115,-1.4607038,0.59304786,-1.4053682,-0.9790688,1.4341185,0.5748818
SYK,0.46134695,-1.0602663,0.14328262,0.3000025,0.40279034,0.84762067,0.89829403,0.69516695,-0.10680042,-0.6151453,-1.323783,0.22654311,-0.16673872,-0.7522582,0.22666328,0.07762113
SLK,-1.0140773,-0.3131818,0.075859345,1.2697573,0.3077625,0.8947915,1.7158318,-0.5650494,1.2534609,-0.46826857,-2.0664253,-1.3255295,-0.6412532,-0.5081005,1.45068,-0.6707863
CDC42BPG,-0.4910417,-0.335813,0.617903,0.27858824,0.17547314,0.15714438,1.1587349,0.44460022,0.9933537,0.14564678,-0.23296036,-0.37454852,0.104706444,-0.6001779,0.45264354,-0.40944713
SRPK1,0.38280693,-0.37556028,0.081515744,-0.2033249,1.082222,1.1963577,1.1933318,1.138148,1.0519603,0.03813484,0.96582896,-1.369312,1.0443273,1.1053836,-0.24113174,0.7671454
SCYL2,0.85314023,-0.5983694,1.1596409,0.60754293,1.2417232,-0.0014843261,0.63428164,0.5817559,0.8837829,0.37641644,-0.35427058,-2.0509253,0.9090167,1.1504911,-0.38288298,0.045389883
OXSR1,-0.15961269,-0.2101975,-0.26328725,-1.3063111,-0.07016377,0.487319,2.1728196,1.088435,-0.031247282,0.5517856,-0.9272143,-1.4634225,-0.7657688,-0.38355508,0.51318693,-1.1549745
WNK1,1.0988069,-1.2356958,0.32457966,-0.17382288,0.3894929,-0.10741936,1.225489,0.05525074,0.0060675493,0.6815238,-1.4101511,0.116156384,0.27426267,-0.14806907,-0.3779485,0.2157598
MLKL,0.88721853,-1.1869048,0.6427162,0.056539517,0.55571645,0.7400871,0.8070451,0.7237266,-0.20403749,-0.5642451,-1.2850343,0.0786055,-0.07234117,-0.83322364,0.0742129,0.2909719
IRAK4,1.1038254,-0.3062973,-0.12962613,0.93881667,1.2248491,1.3332337,0.82155716,1.2256726,-0.97027147,0.34351802,-1.7320998,0.44737494,-0.18582101,-1.1503992,0.7059728,0.20143597
TGFBR2,0.65056807,-0.3375568,0.9680297,0.6321485,0.25784707,1.1642902,1.3638564,-0.042215843,0.37203765,-0.40955633,-1.05977,0.9321898,0.38466835,-0.65678245,-0.20135303,0.2767128
STK17B,0.26938507,-0.6883094,0.8245193,0.5597957,0.6227123,0.7241313,0.94294935,0.30228022,-0.20697235,-0.6955323,-1.5559653,0.32306817,0.33506396,-0.80974805,-0.33522427,0.27091572
NEK11,0.27936372,-0.12939654,-1.0367812,-0.47004327,-0.21508618,1.4211106,3.4935226,3.174351,-1.7369428,1.7105371,-1.2244036,-1.053087,1.4103459,0.23960707,-0.513244,0.32233733
STK33,-0.61585724,-0.6422381,-0.13683543,-0.15448356,-0.025398998,0.995076,3.5279636,2.3735943,-2.2360451,0.6567224,-1.5889208,-1.7613598,1.3991646,0.32467934,-1.65819,-1.2212989
POMK,-0.27963766,-0.47749394,0.09522844,1.3723652,3.1911776,0.74173945,1.0894164,-0.3183407,-0.5086326,-0.8340168,1.0026258,-1.409567,1.4327621,0.52215,-0.22643767,-0.5550019
CASK,-0.037183944,0.019703928,0.36328033,-1.1278288,3.9084904,-0.96063274,0.73406994,0.9923518,-0.22125481,-0.2977298,-0.45114034,-0.790055,1.0581696,-2.1008089,-1.4115596,-0.665674
RPS6KA5,-0.70317554,-0.59067863,0.9034732,-1.2865548,0.46377623,-0.84604204,1.886031,2.0530534,1.3964325,-0.049567662,0.15817095,1.0266745,1.4454149,-0.14469106,-0.54513144,-1.0105271
ROR2,1.5214682,0.83610874,-0.49649328,0.2609605,1.7528172,1.0251548,1.4052253,-0.8274962,-0.3173396,-0.684297,-0.5993374,0.3264581,0.5740525,-1.5083406,-0.011448004,-0.15456477
ANTXR1,1.1708128,0.815918,-1.7494067,1.2094306,0.74876094,0.6730584,2.0848534,0.018640848,-0.42656723,-1.117309,-1.3725787,-0.33354345,0.71164054,-1.4007095,-0.25295532,-0.97721094
PTK7,2.0657594,-0.06540869,-0.9869115,0.27510393,1.3098031,-0.03372099,1.7476758,0.74088645,0.37387794,-1.3283942,-0.35096318,0.33480206,0.6619176,-2.1035192,-0.10779041,-0.59890145
IRAK3,0.6124415,-0.38713402,1.131313,0.3436297,0.08652803,1.2429892,1.4400986,0.37384626,0.074806444,-0.6521659,-0.8293914,0.90100414,-0.075432636,-0.47068843,0.05187007,0.019440318
SPEG,1.4844416,0.7841206,-0.06073164,0.8162376,0.6185469,0.07608683,1.165599,0.11331154,0.5966268,0.7936128,-1.1032277,-0.6501358,0.5024661,-1.8878325,0.34228963,0.9197147
MAP3K20,0.6456274,0.50571823,0.18727483,0.8434798,0.31388554,0.38817552,1.8146532,-0.650307,-0.42365938,0.76367223,-1.0580605,-0.36103562,0.7192555,-1.9689239,-0.7699919,0.5688796
NEK7,-0.15970352,-1.0786705,0.07330742,0.41032073,0.6904423,0.88214225,0.5503564,-0.18963419,-0.32043773,-0.21189374,-0.99001026,-0.80419195,-0.06040742,-1.6390178,-0.74312615,0.55386204
SRM,0.4247734,-0.22087312,0.20248699,0.51604944,1.0645429,1.4492878,0.08672512,1.9152421,0.6132403,-0.7480712,-1.3277366,0.15133645,0.60497,0.5650881,-0.062137697,-0.09206778
SNRK,0.8197283,-0.23080339,0.15126598,0.338908,-0.43763956,1.1094915,1.8978946,0.0012657993,0.9706243,-0.022978459,-0.86121666,0.52065665,-0.52232194,-0.48555082,-1.2815187,-0.4953102
CROT,0.59594864,-0.10283046,-0.88345945,0.49996942,0.93551785,0.65181637,1.7120607,0.9241683,-1.2122772,-0.70013225,-0.48623636,0.43716294,0.005594445,0.068516426,-0.06435332,0.28634214
CDK17,1.6900429,-1.5833068,0.22212641,0.77554435,0.355214,-0.13324332,2.4680512,-0.44609088,0.60604924,1.3211544,0.21941966,0.30620587,1.6598766,-0.6876631,-0.7571218,-0.58279884
DCLK2,1.9025209,1.1551924,-0.2941458,0.9586521,1.4756889,1.0290953,0.9463998,0.57622606,-0.9504447,-0.7494684,-0.56864554,-0.5164045,1.0161943,-0.8908371,0.45071965,-1.1896412
RIOK3,-0.93083763,-0.9914268,-0.7633818,-0.895493,1.6485182,0.34714317,1.5556582,-0.04764781,1.1593443,-0.8005356,-1.046284,-0.4603795,-0.78965735,-0.47247994,-0.02004139,-0.09107931
DDR2,0.43155155,-1.1957706,0.06968923,0.107784614,0.6588938,1.1256434,1.0810586,-0.11839095,-0.11308178,0.09829653,-1.7510184,0.041510664,-0.093565464,0.05731296,-0.52692145,0.33016354
NRBP2,1.2676136,-0.51906395,-1.216395,-0.30475697,0.62043387,1.2851526,1.1346775,0.526179,0.19861814,1.5679344,-0.6956957,-1.3536354,-0.7859442,-0.8741396,-0.14373095,-1.0149521
CLK2,-0.06534716,-0.2617551,-0.13112597,0.11034684,1.0556061,1.3081261,1.5536212,0.2667051,0.15723757,0.7628933,0.89797276,-0.40357646,0.3678469,0.9004452,0.38625234,0.7137404
TGFBR1,0.45255584,0.7288024,-0.5116985,0.1418923,1.1611089,0.55703026,1.4230753,0.0847841,0.6441504,1.0344571,-0.479328,-0.59203845,0.8702094,-0.17635074,0.27218992,1.3158263
LMTK2,0.5011405,0.6710224,0.42847028,-0.8242939,1.9462807,0.85072494,1.4342964,0.7949898,-0.79864526,0.06426602,-0.41003898,-0.11395846,-0.5429084,0.15335748,-0.34384492,-1.6380469
SCYL1,0.13503109,0.09674403,1.9236324,-0.04408383,0.7810767,0.8943019,0.5538611,1.3876233,0.50747097,-0.22161552,-0.87706774,-1.2204775,-1.0282723,-0.10082661,0.23957828,-0.027706396
NTRK3,0.29154104,0.68698543,1.072563,0.16323662,0.22647347,0.1801054,1.2625314,0.23072205,0.37557578,1.031577,-0.51086277,-1.1940717,0.069025315,-1.0822643,-0.42157498,-0.25028133
FRK,1.6377523,0.6015721,0.45800838,-1.5570037,1.4174478,0.18085362,1.1074296,1.0822952,0.5774902,0.4881935,-1.410258,0.25721896,-0.20112157,-0.39271423,-0.38458577,0.050197106
NEK1,0.5170013,-0.6238877,-0.72744834,-0.4762168,0.5950446,0.5543196,1.2827487,-0.029352894,0.10160527,0.25720957,-0.5451115,-1.5014641,-0.4516964,-1.0906291,-1.6651092,0.9215863
MERTK,0.5861654,-0.34017435,0.55895275,-0.32513577,1.282936,0.36165154,0.63914806,0.57387435,0.013083976,0.29088044,-1.3616472,0.2983378,-0.23815687,0.18292083,0.025927775,0.12654574
WNK3,0.49073395,0.8856194,-0.45134163,-0.70397747,0.9691276,1.0478319,0.9757752,0.8049475,-0.24339972,0.17083384,-0.66229105,-1.5572948,0.69701636,-0.5385565,0.07181628,-0.73678255
ADCK5,1.3331776,0.2618984,0.4879351,-1.1682628,1.2024491,-0.98105735,2.320613,0.6001035,-0.25983807,0.7754534,-0.51783377,-0.30903262,0.41954708,-0.43470073,-0.63119113,0.7725539
TBCK,0.43116316,-0.6166454,0.3093278,0.64236635,0.33494422,-0.10846626,0.8164509,0.10229677,0.014901549,0.020228205,-0.14408208,-0.23267816,0.9303105,-1.1505852,0.15118286,0.030719278
SIK3,0.3048572,-0.5356368,-0.45679286,-0.96786934,-0.18130529,0.42741627,2.1119645,0.5239253,0.21166494,0.048928022,-0.52317786,-0.44762546,0.10470828,-0.83934134,-1.3083197,0.6772844
