,PCC_BRCA,PCC_CCRCC,PCC_COAD,PCC_GBM,PCC_HCC,PCC_HNSCC,PCC_LSCC,PCC_LUAD,PCC_OV,PCC_PDAC,PCC_UCEC,seq_simi,PPI,STY,score
"{74571, 68087}",,,,,,,0.4378399999999999,0.77694,,,0.55107,10,,1,0.97438407
"{32852, 48519}",,,,,,,0.7887,0.8413299999999999,,,,11,,1,0.9764841
"{34210, 284}",,,,,,,0.5666800000000001,0.7853899999999999,,,0.71748,23,0.04651,1,0.9961636
"{31817, 13647}",,,,,,,0.81802,0.8795200000000001,,,,-1,,1,0.9790517
"{74709, 21759}",,,,,,,0.82685,0.6634,,0.51303,0.5413100000000001,0,0.0,1,0.9709556
"{45771, 29540}",,,,,,,0.8327600000000001,0.80788,,,,-6,,1,0.9698251
"{13994, 38026}",,,,,,,0.7285699999999999,0.75422,,,0.48593,-1,,1,0.97119844
"{61414, 39383}",,,,,,,0.80679,0.7438,,,0.6580699999999999,-9,,1,0.9849563
"{65482, 65098}",,,,,,,0.84625,0.7800199999999999,,,0.40234,-9,,1,0.9826664
"{32339, 69443}",,,,,,,0.64193,0.83578,,,0.63871,-6,0.0,1,0.9795435
"{23769, 56319}",,,,,,,0.75685,0.75848,,,0.81882,-6,,1,0.98959243
"{70480, 13902}",,,,,,,0.81797,0.77188,,,,-4,,1,0.97188956
"{45517, 68087}",,,,,,,0.78918,0.82386,,,0.3135,-6,,1,0.9733251
"{25433, 15203}",,,,,,,0.91294,,,,,13,0.125,1,0.96937615
"{76341, 68087}",,,,,,,0.87005,0.7268,,,0.4582699999999999,17,,1,0.9831282
"{18861, 56479}",,,,,,,0.71429,0.70563,0.27773,,0.42186,3,,1,0.9691664
"{72196, 71543}",,,,,,,0.70067,0.7680600000000001,,,0.45095,1,,1,0.9835894
"{46593, 49466}",,,,,,,0.88708,0.7064199999999999,,,0.16775,-7,,1,0.9809801
"{50093, 30263}",,,,,,,0.85801,0.7639699999999999,,,,-3,,1,0.973735
"{69461, 50286}",,,,,,,0.89005,0.74284,,,0.80378,-12,,1,0.9942783
"{31531, 18861}",,,,,,,0.84491,0.7219,,,0.59146,7,,1,0.9794819
"{59858, 68202}",,,,,,,0.8829100000000001,,,,0.68091,14,,1,0.98618317
"{45128, 46869}",,,,,,,0.99073,,,,,1,1.0,1,0.990738
"{62386, 11262}",,,,,,,0.92351,,,,0.7086,1,,1,0.98254734
"{63747, 73909}",,,,,,,0.75845,0.67465,,,0.8093899999999999,-3,,1,0.9829677
"{47793, 73550}",,,,,,,0.84721,0.81425,,,0.7428,-11,,1,0.9942333
"{47764, 10526}",,,,,,,0.8367100000000001,0.91285,,,0.71915,14,0.125,1,0.9989267
"{21793, 68087}",,,,,,,0.8089,0.74469,,,0.4639899999999999,-6,,1,0.9702167
"{29737, 31499}",,,,,,,0.8258,0.8467399999999999,,,,11,,1,0.9822306
"{74073, 59343}",,,,,,,0.8215100000000001,0.68291,,,0.6947399999999999,-9,,1,0.98328614
"{31872, 13724}",,,,,,,0.8571700000000001,0.8264299999999999,,,0.67923,-9,,1,0.9948125
"{2939, 16614}",,,,,,,0.8550399999999999,0.80596,,,,-1,,1,0.9723675
"{22771, 28439}",,,,,,,0.93386,,,,0.63008,15,,1,0.9894974
"{16681, 9438}",,,,,,,0.79973,0.82836,,,,13,,1,0.9783175
"{11381, 13447}",,,,,,,0.92424,0.8765,,,,-4,,1,0.9930829
"{12163, 60798}",,,,,,,0.66389,0.61855,,,0.72006,9,,1,0.97292656
"{77306, 819}",,,,,,,0.45174,0.76898,,0.7146899999999999,0.4348899999999999,-4,,1,0.9695147
"{49953, 48519}",,,,,,,0.71763,0.7661899999999999,,,0.7245,-11,,1,0.99017525
"{64059, 76243}",,,,,,,0.92652,,,,,-3,0.36111,1,0.9695296
"{73010, 52676}",,,,,,,0.86172,0.66537,0.24114,0.5764699999999999,0.3695199999999999,6,0.09091,1,0.9752882
"{70480, 74073}",,,,,,,0.84349,0.6328600000000001,,,0.8686,-5,,1,0.9871586
"{68658, 34087}",,,,,,,0.6776300000000001,0.8146800000000001,-0.13924,0.4338399999999999,0.77995,-7,0.0,1,0.983932
"{18809, 11381}",,,,,,,0.74312,0.8459399999999999,,,0.6734399999999999,1,,1,0.9904881
"{72480, 8358}",,,,,,,0.6471399999999999,0.69703,,,0.76652,-2,,1,0.9716011
"{10493, 71543}",,,,,,,0.80296,0.81504,,,0.81286,-13,0.0,1,0.9758316
"{68658, 38259}",,,,,,,0.65574,0.76349,0.36787,0.2461199999999999,0.76435,-4,,1,0.9922282
"{54771, 17223}",,,,,,,0.77531,0.75689,,,0.54076,9,,1,0.9812275
"{23769, 13647}",,,,,,,0.8672200000000001,0.7994399999999999,,,0.68343,-1,,1,0.9946786
"{73289, 9438}",,,,,,,0.81801,0.79374,,,,-5,,1,0.9688283
"{37473, 28068}",,,,,,,0.5793699999999999,0.8207,,,0.6611100000000001,-5,0.0,1,0.9714472
"{30147, 25821}",,,,,,,0.94651,0.8486,,,0.91795,-3,,1,0.99916875
"{62771, 16670}",,,,,,,0.61166,0.63736,,,0.73577,11,,1,0.97679853
"{43482, 21709}",,,,,,,0.7004199999999999,0.6207199999999999,,,0.72783,6,,1,0.9825393
"{48750, 10526}",,,,,,,0.91411,,,,,22,0.07692,1,0.9759369
"{38912, 51082}",,,,,,,0.92145,0.6894,,,,-3,,1,0.9811379
"{56113, 69297}",,,,,,,0.7502,0.8187800000000001,0.4219,0.34115,0.53976,5,0.07692,1,0.99435014
"{26200, 11128}",,,,,,,0.6627,0.66668,,,0.4560899999999999,24,,1,0.97349316
"{30089, 4515}",,,,,,,0.48485,0.6947399999999999,,,0.74915,15,,1,0.977857
"{66744, 13977}",,,,,,,0.59232,0.6814100000000001,,,0.4515399999999999,13,0.16667,1,0.9685305
"{73541, 4294}",,,,,,,0.81935,0.76059,,,0.30317,-4,,1,0.97349113
"{74803, 71045}",,,,,,,0.49699,0.6240600000000001,,,0.7255,13,,1,0.9685222
"{3339, 41630}",,,,,,,0.53561,0.81345,,,0.7366199999999999,-9,0.1111099999999999,1,0.98912
"{54025, 31004}",,,,,,,0.68787,0.6935399999999999,,,0.70157,19,,1,0.9897765
"{4442, 66420}",,,,,,,0.8094399999999999,,,,0.65322,-7,0.52381,1,0.9692379
"{28477, 35919}",,,,,,,0.4751899999999999,0.76607,,,,30,0.1,1,0.9722555
"{9880, 4817}",,,,,,,0.78435,0.5914699999999999,,,0.71428,1,,1,0.97145855
"{50417, 4212}",,,,,,,0.75818,0.8347399999999999,,,0.60969,-5,0.25,1,0.9933483
"{249, 25821}",,,,,,,0.84777,0.80299,,,,-3,,1,0.973735
"{72819, 51911}",,,,,,,0.6560699999999999,0.75089,,0.44315,0.56902,3,,1,0.97601604
"{36335, 13447}",,,,,,,0.82968,0.79132,,,,-5,,1,0.9688283
"{44917, 20317}",,,,,,,0.7068399999999999,0.872,,,,4,0.06667,1,0.97053134
"{6667, 72819}",,,,,,,0.78654,0.7154699999999999,,0.75316,0.46078,2,0.13333,1,0.9863148
"{10105, 56319}",,,,,,,0.6496,0.79035,,,0.8406899999999999,7,,1,0.99270093
"{61696, 55240}",,,,,,,0.88794,,,,,26,,1,0.9683234
"{25451, 73909}",,,,,,,0.7520399999999999,0.75192,,,0.83611,-12,,1,0.97378707
"{21808, 56284}",,,,,,,0.74948,0.72143,,,0.59513,3,,1,0.97354364
"{69461, 32182}",,,,,,,0.84719,0.80266,,,0.74236,-6,,1,0.9965849
"{41634, 29870}",,,,,,,0.75974,0.75527,,,0.6452,-2,,1,0.9833066
"{56756, 60798}",,,,,,,0.73235,0.73543,,,0.63097,21,0.0,1,0.98557854
"{15865, 47942}",,,,,,,0.7074,0.7872600000000001,,,,11,0.0285699999999999,1,0.9745334
"{49631, 46695}",,,,,,,0.69992,0.8839100000000001,,,,12,0.27273,1,0.9927422
"{50678, 35399}",,,,,,,0.63765,0.69002,,,0.59336,13,0.66667,1,0.9886473
"{4212, 60428}",,,,,,,0.4134600000000001,0.78073,,,0.6561,1,,1,0.96946836
"{31872, 56479}",,,,,,,0.6986899999999999,0.75417,,,0.8245299999999999,-12,,1,0.97378707
"{9880, 76461}",,,,,,,0.608,0.75866,,,0.83872,11,,1,0.9886961
"{74097, 68087}",,,,,,,0.89179,0.55928,,,0.45015,13,,1,0.99294806
"{63270, 35223}",,,,,,,0.61058,0.8815,,,0.3859599999999999,15,0.05882,1,0.9883094
"{76477, 42735}",,,,,,,0.74344,0.7613300000000001,,,0.4647199999999999,-2,0.0,1,0.9758257
"{37348, 71543}",,,,,,,0.67935,0.6280100000000001,,,0.7683,-6,,1,0.9739983
"{10493, 68085}",,,,,,,0.8555299999999999,0.84455,,0.27586,0.7891199999999999,2,0.0,1,0.99288154
"{49953, 49773}",,,,,,,0.7472300000000001,0.61868,,,0.7135,12,,1,0.984385
"{34714, 39439}",,,,,,,0.70311,0.77881,,,0.24234,-6,,1,0.97054905
"{45771, 18279}",,,,,,,0.89205,0.8548600000000001,,,,-1,,1,0.9932029
"{66481, 29957}",,,,,,,0.88241,0.7991,,,,17,0.14286,1,0.9909518
"{50443, 34556}",,,,,,,0.6182300000000001,0.8236,,0.29591,0.57309,-1,,1,0.97916174
"{72196, 61159}",,,,,,,0.71099,0.82378,,,0.6955899999999999,3,,1,0.99349993
"{53481, 18010}",,,,,,,0.70067,0.8108,,0.58635,0.34517,-3,0.0526299999999999,1,0.9787223
"{11381, 13647}",,,,,,,0.8937799999999999,0.87815,,,0.75566,-14,,1,0.99722314
"{17223, 10063}",,,,,,,0.73344,0.7909999999999999,,,0.50362,1,,1,0.9835894
"{33842, 4759}",,,,,,,0.76376,0.78565,,,0.69311,-10,,1,0.9896638
"{29872, 14824}",,,,,,,0.82384,0.79209,,,,-4,,1,0.97188956
"{8104, 74439}",,,,,,,0.69957,0.5975600000000001,,,0.55519,14,0.0952399999999999,1,0.9785074
"{21334, 17790}",,,,,,,0.7339899999999999,0.61077,,,0.83526,-7,,1,0.968383
"{69461, 73909}",,,,,,,0.8338899999999999,0.7974600000000001,,,0.81926,0,,1,0.99677104
"{32339, 19070}",,,,,,,0.83595,0.80678,,,0.7882399999999999,-13,0.0,1,0.98519135
"{56264, 48766}",,,,,,,0.74843,0.7733899999999999,,,0.49083,7,0.0,1,0.9814554
"{36656, 25159}",,,,,,,0.82735,0.69698,,,0.56308,15,,1,0.9842322
"{63252, 13647}",,,,,,,0.84754,0.6160100000000001,,,0.7508699999999999,-5,,1,0.9859985
"{47764, 7300}",,,,,,,0.77147,0.8403299999999999,,,,2,0.05556,1,0.97107655
"{60904, 5258}",,,,,,,0.56303,0.8025899999999999,0.21224,,0.38068,0,,1,0.9725313
"{54643, 68471}",,,,,,,0.8743299999999999,0.8261700000000001,,,,3,0.0,1,0.96994835
"{44734, 17223}",,,,,,,0.64405,0.73873,,,0.79114,-9,,1,0.9750039
"{4759, 56319}",,,,,,,0.79809,0.82601,,,0.80829,-11,,1,0.9905336
"{76461, 17206}",,,,,,,0.6571100000000001,0.67461,,,0.79919,-2,,1,0.9716011
"{58925, 50477}",,,,,,,0.84295,0.80072,,,0.52909,-13,,1,0.97724277
"{13724, 50286}",,,,,,,0.6444,0.85875,,,0.4484399999999999,-6,,1,0.9698677
"{68768, 50093}",,,,,,,0.78175,0.81685,,,0.69452,-14,0.33333,1,0.9875358
"{31289, 36791}",,,,,,,0.73116,0.8534299999999999,,,0.74017,9,,1,0.99577266
"{50388, 13447}",,,,,,,0.8976799999999999,0.81338,,,,-7,,1,0.98984736
"{43026, 11684}",,,,,,,0.8850899999999999,0.8276,,,,4,,1,0.9938133
"{62737, 10493}",,,,,,,0.70343,0.8204799999999999,,-0.2388199999999999,0.52235,10,0.0,1,0.9739101
"{70048, 49773}",,,,,,,0.8235399999999999,0.91197,,,0.62187,-8,,1,0.9950584
"{55081, 25451}",,,,,,,0.64285,0.51108,0.09652,,0.56262,21,,1,0.97153664
"{75625, 68202}",,,,,,,0.74797,0.55035,,,0.76303,4,,1,0.978568
"{73913, 15885}",,,,,,,0.6544,0.77547,0.0465,,0.62639,3,,1,0.9927313
"{44371, 6470}",,,,,,,0.69668,0.7628199999999999,,0.5362600000000001,0.5462199999999999,-1,,1,0.98829436
"{68768, 30147}",,,,,,,0.8852399999999999,0.82563,,,,7,,1,0.9942537
"{74073, 58009}",,,,,,,0.5534899999999999,0.76246,,,0.6399,-1,,1,0.9814073
"{50286, 32934}",,,,,,,0.69004,0.80616,,,0.62708,4,,1,0.9929351
"{12785, 44955}",,,,,,,0.8905799999999999,0.79632,,,,1,,1,0.99302906
"{22210, 41412}",,,,,,,0.90661,0.868,,,0.53773,-22,,1,0.9743491
"{19344, 34149}",,,,,,,0.8340000000000001,0.77369,,,,-5,0.2,1,0.9788573
"{25451, 30147}",,,,,,,0.96667,0.8546100000000001,,,0.8869799999999999,-13,,1,0.9980233
"{808, 45877}",,,,,,,0.8986700000000001,0.57114,,,,0,,1,0.9728644
"{74073, 23769}",,,,,,,0.8176,0.87449,,,0.8506299999999999,-16,,1,0.97493094
"{36656, 61707}",,,,,,,0.91288,0.8297200000000001,,,0.49904,-3,0.0,1,0.99656737
"{65482, 44734}",,,,,,,0.78132,0.69205,,,0.66745,12,0.0,1,0.9717458
"{30147, 17206}",,,,,,,0.93796,0.85746,,,0.79689,-15,,1,0.9946095
"{64482, 28068}",,,,,,,0.58124,0.81471,,,0.60549,-7,0.40741,1,0.98135895
"{18554, 58155}",,,,,,,0.68653,0.65525,,0.52825,0.6387,22,,1,0.9909965
"{68768, 36335}",,,,,,,0.8114899999999999,0.81148,,,0.7671399999999999,4,,1,0.99664044
"{19456, 71719}",,,,,,,0.71092,0.85526,,,0.19263,2,,1,0.9807819
"{34057, 46834}",,,,,,,0.82488,0.7723,,,,-7,0.6,1,0.98463166
"{23090, 6431}",,,,,,,0.72078,0.78063,,,0.5768300000000001,0,0.15789,1,0.9919161
"{37348, 15885}",,,,,,,0.69095,0.76646,,,0.74761,-3,,1,0.9943177
"{31531, 36119}",,,,,,,0.77694,0.75963,,,0.4033,25,,1,0.9880762
"{64926, 16670}",,,,,,,0.74884,0.74411,,,0.6953600000000001,-4,,1,0.9720364
"{18861, 17206}",,,,,,,0.81424,0.8225100000000001,,,0.4876899999999999,-11,,1,0.9794883
"{50443, 30484}",,,,,,,0.55456,0.6063,,0.73243,0.73431,-8,,1,0.9730734
"{28776, 46855}",,,,,,,0.4627600000000001,0.79719,,,0.72019,14,,1,0.9922064
"{70048, 47793}",,,,,,,0.80362,0.8248200000000001,,,0.51357,1,,1,0.9850403
"{61414, 59206}",,,,,,,0.8216899999999999,0.75352,,,0.4461199999999999,11,0.0,1,0.97225845
"{68658, 2967}",,,,,,,0.7407100000000001,0.61668,,0.76332,0.67998,-2,0.0,1,0.9766976
"{52777, 903}",,,,,,,0.8294299999999999,0.79322,,0.26642,,2,,1,0.9730906
"{52724, 43839}",,,,,,,0.59451,0.80707,,,0.6459,3,,1,0.9861879
"{31480, 17947}",,,,,,,0.74322,0.83291,,,0.36713,-4,,1,0.97890663
"{32182, 12423}",,,,,,,0.76165,0.77842,0.4954,,0.66323,-8,,1,0.99252194
"{39229, 35149}",,,,,,,0.6284,0.86924,0.33787,,0.72183,-6,0.0,1,0.9904221
"{33858, 51700}",,,,,,,0.69438,0.70286,0.21735,,0.61459,1,,1,0.9765045
"{70048, 25821}",,,,,,,0.81267,0.8275899999999999,,,0.63236,-15,,1,0.977948
"{31289, 48766}",,,,,,,0.62855,0.84246,,0.16369,0.38075,7,0.2222199999999999,1,0.9770458
"{9443, 17340}",,,,,,,0.8536799999999999,0.7811,,,,-6,,1,0.9698251
"{17169, 17902}",,,,,,,0.62617,0.7827,,,0.42798,19,,1,0.9860285
"{4817, 25821}",,,,,,,0.8251200000000001,0.60373,,,0.8086300000000001,-9,,1,0.9866371
"{74803, 68899}",,,,,,,0.79322,0.73297,,,0.67925,-2,,1,0.9748668
"{47764, 61381}",,,,,,,0.86179,,,,0.65147,29,0.2857099999999999,1,0.9830184
"{50093, 13647}",,,,,,,0.8346600000000001,0.84155,,,0.42586,-2,,1,0.98684
"{69457, 12423}",,,,,,,0.76427,0.6201300000000001,0.5969399999999999,,0.71686,-5,,1,0.98335254
"{63768, 3907}",,,,,,,0.43226,0.74049,0.2683,,0.75729,-5,0.68421,1,0.98495734
"{20421, 76621}",,,,,,,0.6481600000000001,0.8869600000000001,,,0.54916,-8,0.30435,1,0.9815724
"{33509, 10526}",,,,,,,0.71792,0.8781,,,0.5747,-6,0.0,1,0.98205364
"{8801, 17947}",,,,,,,0.69362,0.8114600000000001,,,0.54413,20,0.0,1,0.99249846
"{11381, 47991}",,,,,,,0.87846,0.67302,,,0.59346,-3,,1,0.9785548
"{5312, 40925}",,,,,,,0.71313,0.62088,,,0.54004,25,,1,0.98262167
"{16681, 9316}",,,,,,,0.8948799999999999,0.73256,,,,-9,,1,0.9765636
"{48077, 50286}",,,,,,,0.79657,0.78918,,,0.64457,-13,,1,0.9829988
"{32852, 17206}",,,,,,,0.93515,0.7914399999999999,,,,-4,,1,0.9930829
"{45877, 18279}",,,,,,,0.84914,0.84936,,,,-6,,1,0.9698251
"{51804, 7589}",,,,,,,0.60531,0.81538,,,0.6595,5,,1,0.98710465
"{46792, 11124}",,,,,,,0.8617299999999999,0.76437,,,,0,,1,0.97576046
"{47942, 19718}",,,,,,,0.73715,0.73432,,0.46729,0.59672,11,0.0,1,0.9766316
"{4212, 40572}",,,,,,,0.74585,0.62466,,,0.4989,8,0.16667,1,0.97633386
"{75984, 8104}",,,,,,,0.68018,0.76762,,,0.59912,2,0.05882,1,0.99059135
"{73888, 36290}",,,,,,,0.8621200000000001,0.8071,,,,3,,1,0.9805274
"{31121, 72907}",,,,,,,0.52628,0.8114899999999999,,,0.5098600000000001,13,,1,0.9792629
"{51082, 76461}",,,,,,,0.57998,0.74356,,,0.76577,0,,1,0.96969473
"{8104, 6043}",,,,,,,0.58797,0.78071,,,0.39576,7,0.36364,1,0.9868889
"{70480, 48519}",,,,,,,0.76479,0.75449,,,0.74708,-13,,1,0.9762654
"{70993, 75471}",,,,,,,0.7362,0.80218,,,,13,0.14286,1,0.9854262
"{39670, 71719}",,,,,,,0.81096,0.78198,,,0.54267,2,,1,0.99309
"{60798, 39943}",,,,,,,0.7287,0.8227700000000001,,,0.46703,13,0.0,1,0.98537874
"{11684, 28439}",,,,,,,0.93113,0.8814,,,,11,,1,0.9961903
"{819, 4212}",,,,,,,0.90562,0.73458,,,0.6603100000000001,-8,,1,0.99536914
"{61414, 12687}",,,,,,,0.82106,0.61588,,,0.57047,8,0.02941,1,0.97509176
"{68633, 61414}",,,,,,,0.90992,0.7036399999999999,,,0.74468,-10,,1,0.99697864
"{30147, 18861}",,,,,,,0.78042,0.8476299999999999,,,0.7582300000000001,-1,,1,0.99444973
"{14364, 71719}",,,,,,,0.60305,0.81319,,,0.3896699999999999,11,,1,0.9770447
"{10493, 42735}",,,,,,,0.7864800000000001,0.7902100000000001,,0.377,0.90347,-1,0.0,1,0.99078006
"{64482, 25651}",,,,,,,0.7063,0.7956300000000001,,,0.50876,-8,0.58824,1,0.9884544
"{16474, 73541}",,,,,,,0.4853699999999999,0.84409,0.70499,,0.63773,26,0.45455,1,0.9975442
"{54347, 10493}",,,,,,,0.4294600000000001,0.7877,,,0.75584,-10,,1,0.9767339
"{51082, 50093}",,,,,,,0.88497,0.77069,,,0.4429999999999999,-4,,1,0.9972909
"{25185, 40887}",,,,,,,0.91668,0.67675,,,,-6,,1,0.9783055
"{56756, 68087}",,,,,,,0.74397,0.81667,,,0.43212,-1,,1,0.9790837
"{38026, 74709}",,,,,,,0.85674,0.64169,,,0.67691,-3,,1,0.97980404
"{19456, 66481}",,,,,,,0.60714,0.81586,,,0.4845,7,0.0,1,0.9683935
"{59538, 819}",,,,,,,0.77047,0.6463300000000001,,0.30982,0.7017800000000001,0,,1,0.9713571
"{77073, 71719}",,,,,,,0.78367,0.8483200000000001,,,0.34539,10,,1,0.9863999
"{47841, 12423}",,,,,,,0.8949299999999999,,,,0.8828799999999999,-10,,1,0.97870034
"{9521, 40382}",,,,,,,0.53856,0.8747299999999999,,,0.6471100000000001,-2,,1,0.98081255
"{13272, 22771}",,,,,,,0.91765,,,,,4,0.27273,1,0.9722908
"{33989, 35149}",,,,,,,0.922,,,,0.69782,6,0.0,1,0.9727634
"{43482, 18955}",,,,,,,0.7382,0.67313,0.1645299999999999,,0.55907,9,0.0,1,0.968797
"{4212, 8981}",,,,,,,0.8267700000000001,0.62446,,,0.67861,4,,1,0.97965485
"{47985, 29166}",,,,,,,0.44435,0.7343,,0.34811,0.40896,20,0.36364,1,0.97602737
"{54865, 44595}",,,,,,,0.7760199999999999,0.6866300000000001,,0.4599,0.74936,4,0.0,1,0.98365146
"{70480, 61564}",,,,,,,0.73053,0.77186,,,,3,,1,0.96819335
"{62737, 49222}",,,,,,,0.85774,0.79261,,,0.62324,-5,,1,0.99456245
"{38451, 72196}",,,,,,,0.8054899999999999,0.80771,,,0.61957,3,,1,0.9937378
"{23769, 11381}",,,,,,,0.85324,0.8102199999999999,,,0.63089,-1,,1,0.9946786
"{24443, 72196}",,,,,,,0.5343600000000001,0.77594,,,0.38508,24,,1,0.986285
"{60961, 42735}",,,,,,,0.7229300000000001,0.76641,,0.09332,0.72797,-2,0.0,1,0.9877467
"{74510, 25159}",,,,,,,0.72907,0.73125,,0.42928,0.62521,4,,1,0.9827355
"{3339, 71719}",,,,,,,0.70263,0.79075,,,0.29302,0,,1,0.9790371
"{11498, 66267}",,,,,,,0.59942,0.73385,0.46938,,0.54783,-4,0.75,1,0.9814949
"{4759, 30263}",,,,,,,0.8726,0.76979,,,0.84026,5,,1,0.99667007
"{4827, 11919}",,,,,,,0.72397,,,-0.04451,0.7255,10,0.4444399999999999,1,0.96907914
"{40811, 17223}",,,,,,,0.7942100000000001,0.8217700000000001,,,0.37823,4,,1,0.9837261
"{28895, 35399}",,,,,,,0.74778,0.7853899999999999,,,,7,0.07692,1,0.97336763
"{64131, 56764}",,,,,,,0.67465,0.58075,,0.56948,0.61774,9,0.36364,1,0.98283684
"{46695, 71719}",,,,,,,0.82729,0.85155,,,,12,,1,0.98309535
"{61962, 10526}",,,,,,,0.8746799999999999,0.88482,,,0.70738,-8,0.0,1,0.9905964
"{75121, 46733}",,,,,,,0.80315,0.84305,,,0.2020799999999999,8,0.07143,1,0.9864899
"{72819, 21044}",,,,,,,0.75722,0.63549,,0.4573399999999999,0.27085,21,0.06452,1,0.9762551
"{9521, 60498}",,,,,,,0.67684,0.86485,,,0.8736799999999999,0,0.0,1,0.9859076
"{38912, 45771}",,,,,,,0.91204,0.77469,,,,-2,,1,0.9931096
"{36656, 64926}",,,,,,,0.79673,0.89397,,,0.67455,-8,,1,0.99188364
"{24841, 34210}",,,,,,,0.69004,0.78479,,,0.2339,6,0.0,1,0.97345483
"{70904, 25451}",,,,,,,0.80872,0.83425,,,,2,,1,0.9784774
"{46269, 68087}",,,,,,,0.76545,0.81955,,,0.4644,4,,1,0.98823357
"{74803, 56419}",,,,,,,0.6221800000000001,0.82831,,,0.7251,-3,,1,0.98952454
"{67446, 38047}",,,,,,,0.8984700000000001,0.65052,,,,0,,1,0.9780337
"{41634, 24123}",,,,,,,0.8312299999999999,0.66368,,,0.24675,18,,1,0.9714353
"{68202, 55348}",,,,,,,0.8079999999999999,0.6718,,,0.67737,-9,0.0,1,0.97464186
"{3339, 76292}",,,,,,,0.66054,0.7621899999999999,,,0.23434,12,0.0,1,0.9682054
"{51082, 69461}",,,,,,,0.92007,0.6415,,,0.8633,-7,,1,0.99591184
"{67976, 51700}",,,,,,,0.70899,0.8524799999999999,-0.08118,,0.52995,-6,0.0,1,0.9745867
"{32339, 71719}",,,,,,,0.90924,,,,0.57999,0,,1,0.97664696
"{32544, 61381}",,,,,,,0.7833,,,,0.7116399999999999,23,,1,0.9720221
"{30147, 50388}",,,,,,,0.8771700000000001,0.79261,,,,-6,,1,0.9698251
"{49483, 24443}",,,,,,,0.3514,0.76649,,,0.91208,-3,0.0,1,0.96895367
"{34752, 77415}",,,,,,,0.77969,0.8055399999999999,,,,10,0.18182,1,0.983266
"{26475, 74148}",,,,,,,0.72716,0.67992,,,0.06341,24,,1,0.96809083
"{30147, 48519}",,,,,,,0.80703,0.91931,,,0.81295,-19,,1,0.9707418
"{5312, 4212}",,,,,,,0.79109,0.7944399999999999,,,0.4960699999999999,-6,0.0,1,0.97509605
"{65259, 7951}",,,,,,,0.4468,0.6784100000000001,,,0.75753,10,,1,0.9712731
"{17947, 10526}",,,,,,,0.73395,0.77191,,,0.54606,6,0.0,1,0.9828221
"{68768, 18809}",,,,,,,0.7112,0.74295,,,0.77048,1,0.0,1,0.9704794
"{32339, 29094}",,,,,,,0.76554,0.8113100000000001,,,0.72543,-13,0.14286,1,0.98941666
"{31845, 11622}",,,,,,,0.8952,,,,,20,0.16667,1,0.98217404
"{30089, 56836}",,,,,,,0.83029,0.62892,,,0.64694,10,,1,0.98452574
"{25000, 61414}",,,,,,,0.8126399999999999,0.61973,,,0.68292,0,0.0,1,0.9683424
"{29979, 50286}",,,,,,,0.8235899999999999,0.79875,,,,-3,,1,0.973735
"{50388, 17340}",,,,,,,0.83567,0.91595,,,,-3,,1,0.980095
"{21808, 98}",,,,,,,0.73455,0.63167,,,0.6309899999999999,0,,1,0.96824795
"{34225, 23069}",,,,,,,0.65988,0.78354,,0.47843,0.4362899999999999,11,,1,0.9809569
"{47793, 29979}",,,,,,,0.85844,0.8367399999999999,,,,14,,1,0.9854081
"{819, 13110}",,,,,,,0.68899,0.75626,,0.5149600000000001,0.65979,-7,,1,0.9855236
"{2555, 48598}",,,,,,,0.56025,0.81065,,,,0,0.66667,1,0.9738589
"{20421, 76341}",,,,,,,0.71587,0.8577799999999999,,,0.6149100000000001,1,0.0,1,0.9822175
"{6470, 32271}",,,,,,,0.68623,0.62705,,0.30183,0.79709,-6,,1,0.98024344
"{73556, 56319}",,,,,,,0.5524600000000001,0.88713,,,0.73529,0,,1,0.991437
"{68087, 71543}",,,,,,,0.89199,0.74017,,,0.51984,-6,,1,0.99328667
"{69404, 29911}",,,,,,,0.6818,0.71754,,0.0797,0.65133,8,,1,0.9693738
"{34752, 46733}",,,,,,,0.83578,0.8843700000000001,,,,-13,0.2307699999999999,1,0.9734169
"{61707, 40811}",,,,,,,0.91931,0.77908,,,0.38541,3,0.0,1,0.9964024
"{7300, 46695}",,,,,,,0.91276,0.74062,,,,-11,0.07143,1,0.97094136
"{44392, 27723}",,,,,,,0.71365,0.70315,,,0.6108399999999999,19,,1,0.98825234
"{4817, 63747}",,,,,,,0.8629899999999999,0.5769,0.55465,,0.8221,-3,,1,0.9865769
"{73224, 65482}",,,,,,,0.68318,0.76725,,,0.24555,-5,,1,0.9702583
"{12411, 24219}",,,,,,,0.7570399999999999,0.74341,0.2066599999999999,,,20,,1,0.98081493
"{21087, 63527}",,,,,,,0.72525,,,0.68196,0.46946,23,0.25,1,0.9822912
"{30147, 73909}",,,,,,,0.5917100000000001,0.81334,,,0.79451,-7,,1,0.9831118
"{50093, 32182}",,,,,,,0.7850699999999999,0.8787200000000001,,,0.6654899999999999,-3,,1,0.9937103
"{30089, 48267}",,,,,,,0.8352799999999999,0.72726,,,0.59801,10,,1,0.98356366
"{40190, 48766}",,,,,,,0.69193,0.78764,,,,2,0.07143,1,0.97000396
"{63331, 61381}",,,,,,,0.91591,,,,0.71441,-7,,1,0.97856677
"{32339, 18564}",,,,,,,0.8488600000000001,0.77598,,,0.65196,-9,,1,0.9948125
"{75450, 36335}",,,,,,,0.8854799999999999,,,,0.86462,-4,,1,0.9829677
"{25821, 13447}",,,,,,,0.8871899999999999,0.80937,,,,9,,1,0.9946526
"{25433, 47764}",,,,,,,0.89895,,,,,26,0.2857099999999999,1,0.9885942
"{25451, 32852}",,,,,,,0.90598,0.81481,,,,10,,1,0.9954106
"{68202, 1702}",,,,,,,0.8084399999999999,0.54073,,,0.61022,4,,1,0.97163343
"{65116, 61381}",,,,,,,0.70048,,,,0.7247399999999999,20,0.07143,1,0.9801853
"{4651, 42404}",,,,,,,0.6795800000000001,0.62364,,,0.60949,12,0.05556,1,0.97805345
"{33989, 50845}",,,,,,,0.89561,,,,0.76764,3,0.0,1,0.984175
"{61640, 55954}",,,,,,,0.99425,1.0,,,,4,1.0,1,0.99902666
"{9521, 907}",,,,,,,0.6783,0.81089,,,0.48932,1,,1,0.98063993
"{18564, 903}",,,,,,,0.64727,0.77776,,0.7269399999999999,,7,,1,0.97104174
"{3845, 46261}",,,,,,,0.7602399999999999,0.73797,,0.54794,0.83057,1,,1,0.9878777
"{18809, 13647}",,,,,,,0.78774,0.7871199999999999,,,0.7226600000000001,0,,1,0.99486524
"{9880, 45771}",,,,,,,0.84875,0.75878,,,0.67166,-4,,1,0.9886778
"{18809, 49953}",,,,,,,0.68381,0.65352,,,0.7601100000000001,18,,1,0.99030507
"{70048, 31531}",,,,,,,0.8005899999999999,0.77749,,,0.80292,-14,,1,0.9787557
"{11400, 71719}",,,,,,,0.7175199999999999,0.77885,,,0.55588,-2,,1,0.98569214
"{4759, 48519}",,,,,,,0.89339,0.75903,,,0.70718,-6,,1,0.997575
"{44616, 12418}",,,,,,,0.7841,0.8270000000000001,,,0.7761899999999999,-12,,1,0.9857539
"{50865, 17206}",,,,,,,0.856,0.82375,,,0.7831199999999999,-8,,1,0.9956999
"{49809, 68202}",,,,,,,0.49481,0.8123,,,0.73295,18,0.0,1,0.98641866
"{32339, 284}",,,,,,,0.80919,0.80048,,,0.5423,-12,0.02326,1,0.97598994
"{18564, 36639}",,,,,,,0.92253,,,,0.60782,-1,,1,0.9771792
"{36624, 29754}",,,,,,,0.60937,0.81153,,,0.0833,11,0.1923099999999999,1,0.98443073
"{16474, 3339}",,,,,,,0.58748,0.8006300000000001,,,0.4647699999999999,11,0.0,1,0.9687326
"{31289, 64397}",,,,,,,0.7922600000000001,0.7842100000000001,,,0.55612,-2,0.2,1,0.9909411
"{2593, 64804}",,,,,,,0.8991299999999999,0.35828,,,0.42404,2,,1,0.9770095
"{68658, 3039}",,,,,,,0.61357,0.73911,,0.25734,0.72812,-1,,1,0.9709616
"{70993, 61822}",,,,,,,0.6600600000000001,0.77267,,0.0802799999999999,0.57124,-10,0.05882,1,0.97324026
"{36326, 10526}",,,,,,,0.83919,0.8834,,,0.8406399999999999,18,0.07407,1,0.9988257
"{63252, 45799}",,,,,,,0.8971100000000001,0.5564600000000001,,,,1,,1,0.9683073
"{14432, 28721}",,,,,,,0.70636,0.8615,,0.46834,0.34695,0,0.0,1,0.97180486
"{20421, 49374}",,,,,,,0.86893,0.8390700000000001,,,0.35601,-10,,1,0.9799958
"{40189, 17223}",,,,,,,0.80273,0.78472,,,0.5672699999999999,-3,,1,0.9876408
"{70993, 39943}",,,,,,,0.76842,0.85598,,0.20293,0.64202,-8,0.0,1,0.96800286
"{73888, 13788}",,,,,,,0.87254,0.8245899999999999,,,,3,,1,0.9805274
"{14432, 67121}",,,,,,,0.85846,0.73393,,0.79208,0.65171,-4,0.0,1,0.9880542
"{47793, 18298}",,,,,,,0.4369,0.80979,,,0.67009,-1,,1,0.97332484
"{75136, 69461}",,,,,,,0.6479,0.58243,,,0.8262299999999999,8,,1,0.96931386
"{76477, 68087}",,,,,,,0.92244,0.79388,,,0.46512,1,,1,0.997577
"{63552, 34149}",,,,,,,0.81121,0.82257,,,,5,,1,0.97516465
"{68658, 36791}",,,,,,,0.67315,0.65789,,,0.73844,6,,1,0.97479725
"{2967, 10063}",,,,,,,0.84962,0.6989,,,0.55535,-3,,1,0.973408
"{17340, 32934}",,,,,,,0.74838,0.54266,,,0.84267,-5,,1,0.9680352
"{34752, 36609}",,,,,,,0.72868,0.86103,,,,3,0.2,1,0.9824583
"{72196, 2967}",,,,,,,0.81153,0.64456,,,0.53906,5,,1,0.96930814
"{34210, 63019}",,,,,,,0.68358,0.75085,,,0.38533,20,0.0,1,0.97818816
"{59425, 64570}",,,,,,,0.83783,0.72855,,,0.67042,-2,0.0,1,0.9713461
"{36235, 51364}",,,,,,,0.69377,0.75046,,,0.67823,2,,1,0.98621607
"{50093, 46855}",,,,,,,0.62179,0.6821,,,0.77712,3,,1,0.97650427
"{29979, 4759}",,,,,,,0.8592200000000001,0.84798,,,,-5,,1,0.9688283
"{17872, 908}",,,,,,,0.91635,,,,0.70512,2,0.0625,1,0.98529
"{30147, 73556}",,,,,,,0.8206200000000001,0.8854200000000001,,,,16,,1,0.9897245
"{73550, 12423}",,,,,,,0.83176,0.69217,,,0.81698,-13,,1,0.9756698
"{13299, 29957}",,,,,,,0.70312,0.77968,,0.6726300000000001,,11,0.125,1,0.9892374
"{49953, 36235}",,,,,,,0.66633,0.77688,,,0.8155,0,,1,0.9914409
"{57218, 62363}",,,,,,,0.68742,0.6764899999999999,,,0.62502,2,,1,0.97692364
"{60498, 42735}",,,,,,,0.7370399999999999,0.80492,0.17232,0.43612,0.67509,-3,0.0,1,0.99143666
"{36235, 76461}",,,,,,,0.6617,0.75268,,,0.79664,3,,1,0.9877698
"{8689, 40665}",,,,,,,0.72719,0.55167,,,0.58933,2,0.33333,1,0.973637
"{49953, 69461}",,,,,,,0.80418,0.59235,,,0.86298,5,,1,0.98222625
"{522, 30125}",,,,,,,0.7278399999999999,,,,0.73312,24,0.07143,1,0.9810524
"{62771, 61414}",,,,,,,0.82209,0.67823,,,0.72309,14,0.0,1,0.9871809
"{56720, 28721}",,,,,,,0.6059399999999999,0.85544,,,0.77481,0,0.0,1,0.9838304
"{31531, 64804}",,,,,,,0.7833100000000001,0.7467199999999999,,,0.7276100000000001,-5,,1,0.98469824
"{60798, 13559}",,,,,,,0.65582,0.81978,,,0.4136,4,,1,0.9730741
"{68658, 726}",,,,,,,0.80433,0.90234,-0.12825,0.85324,,-5,0.0,1,0.972366
"{22771, 27060}",,,,,,,0.9284,,,,0.39832,1,0.1,1,0.96872175
"{32852, 59343}",,,,,,,0.8864,0.78291,,,,4,0.0,1,0.9903813
"{29872, 66055}",,,,,,,0.75445,0.77651,,,0.49632,-10,,1,0.9743618
"{47793, 7951}",,,,,,,0.6876800000000001,0.79496,,,0.66902,-7,,1,0.9878928
"{1152, 55325}",,,,,,,0.69763,0.28031,,,0.71768,19,,1,0.9771568
"{50477, 50599}",,,,,,,0.7391,0.76605,,,0.31458,3,,1,0.9823377
"{24697, 33679}",,,,,,,0.82137,0.6906399999999999,,,0.60782,-1,,1,0.9803249
"{24443, 56756}",,,,,,,0.69399,0.75837,,0.29347,0.59334,12,0.0,1,0.97935826
"{50417, 12382}",,,,,,,0.64964,0.8124,,,0.6042,-6,,1,0.98195237
"{45464, 35512}",,,,,,,0.6352800000000001,0.76686,0.25824,,0.77989,3,,1,0.99575305
"{9443, 50286}",,,,,,,0.78606,0.84909,,,,8,,1,0.97114044
"{30125, 32094}",,,,,,,0.88328,,,,,9,0.56522,1,0.9852937
"{20421, 64397}",,,,,,,0.52278,0.7258399999999999,,,0.80919,21,0.0,1,0.9727289
"{11381, 48519}",,,,,,,0.8701200000000001,0.8843700000000001,,,0.8293799999999999,-11,,1,0.9956519
"{23769, 43123}",,,,,,,0.84493,0.87136,,,,0,,1,0.97576046
"{63331, 71719}",,,,,,,0.8771899999999999,0.8044100000000001,,,0.48175,-8,,1,0.98390996
"{39177, 72699}",,,,,,,0.83878,0.74502,,,0.6463399999999999,5,,1,0.98527443
"{45877, 13647}",,,,,,,0.8242700000000001,0.84591,,,,-2,,1,0.97199565
"{18809, 25821}",,,,,,,0.76872,0.85135,,,0.76951,-11,,1,0.9905336
"{49773, 56319}",,,,,,,0.75325,0.81172,,,0.7893399999999999,-11,,1,0.99017525
"{74510, 68087}",,,,,,,0.88939,0.82214,,,0.49942,-3,,1,0.99779737
"{4212, 7637}",,,,,,,0.72064,0.75537,,,0.6765800000000001,-1,0.0,1,0.9727989
"{41078, 68087}",,,,,,,0.75579,0.79674,,,0.4026099999999999,7,,1,0.983453
"{45877, 13447}",,,,,,,0.81097,0.88446,,,,-9,,1,0.9725591
"{31004, 68087}",,,,,,,0.73664,0.79969,,,0.3952699999999999,-10,,1,0.96829534
"{76033, 29825}",,,,,,,0.61742,0.76856,0.40315,,,14,0.1,1,0.98626465
"{53336, 17223}",,,,,,,0.69109,0.74839,,,0.69329,3,,1,0.9811972
"{30147, 9316}",,,,,,,0.90369,0.68035,,,,6,,1,0.98298806
"{33441, 36639}",,,,,,,0.91866,,0.24095,,0.66879,-7,,1,0.9754834
"{25451, 11381}",,,,,,,0.8537600000000001,0.87628,,,0.73415,-6,,1,0.9965849
"{68768, 32934}",,,,,,,0.7135100000000001,0.64576,,,0.8253,9,,1,0.9844238
"{9880, 50093}",,,,,,,0.75756,0.85414,,,0.6603100000000001,16,,1,0.9958294
"{75578, 11684}",,,,,,,0.92908,0.7792100000000001,,,,4,,1,0.9938133
"{12418, 32339}",,,,,,,0.80584,0.85965,,,0.5486300000000001,-8,0.0,1,0.9776129
"{70480, 23769}",,,,,,,0.8735299999999999,0.56419,,,0.79392,3,,1,0.9884483
"{74822, 16670}",,,,,,,0.70805,0.68415,,,0.75398,3,,1,0.9871777
"{73289, 70917}",,,,,,,0.8673,0.91644,,,,-2,,1,0.9787678
"{74803, 54771}",,,,,,,0.78293,0.7401300000000001,,,0.71791,-4,,1,0.980276
"{3362, 13788}",,,,,,,0.88375,,,,0.59241,2,,1,0.97376007
"{63747, 47991}",,,,,,,0.8517600000000001,0.62232,,,0.7118800000000001,-4,,1,0.9829049
"{3362, 10526}",,,,,,,0.88656,,,,0.63284,5,0.125,1,0.98866177
"{24697, 38451}",,,,,,,0.7461,0.69923,,0.5596899999999999,0.74752,3,,1,0.99043274
"{819, 40190}",,,,,,,0.8099,0.70782,,0.43198,0.6239399999999999,7,,1,0.98633146
"{819, 70293}",,,,,,,0.79677,0.67342,,0.56707,0.61522,2,,1,0.98089933
"{74439, 30231}",,,,,,,0.70355,0.81409,,,,11,,1,0.97560704
"{3090, 11108}",,,,,,,0.64507,0.69024,,0.6699,0.82145,5,0.0,1,0.98439056
"{46593, 12687}",,,,,,,0.8111,0.82362,,,0.41278,-3,0.1842099999999999,1,0.99136025
"{63747, 50286}",,,,,,,0.8736700000000001,0.8343200000000001,,,0.69262,-8,,1,0.9934475
"{64131, 72819}",,,,,,,0.85121,0.74759,,,0.63835,-8,0.15789,1,0.9819224
"{41658, 10526}",,,,,,,0.73647,0.7409399999999999,,,0.58504,7,0.25,1,0.9867771
"{24443, 17223}",,,,,,,0.68158,0.7628,,,0.52112,-1,,1,0.98363876
"{56419, 64926}",,,,,,,0.66537,0.8515799999999999,,,0.6694399999999999,4,,1,0.9886669
"{10493, 64926}",,,,,,,0.8265399999999999,0.84834,,,0.8112199999999999,1,,1,0.9962132
"{69461, 17206}",,,,,,,0.8422700000000001,0.75353,,,0.73902,-9,,1,0.99391186
"{4040, 31289}",,,,,,,0.5767,0.8304299999999999,,0.16219,0.7357,2,0.0,1,0.9686775
"{49953, 13647}",,,,,,,0.7561100000000001,0.58618,,,0.77444,5,,1,0.97907376
"{44616, 71719}",,,,,,,0.83285,0.8882700000000001,,,0.61917,10,,1,0.996678
"{68202, 12027}",,,,,,,0.73635,0.75895,,,0.79202,-5,,1,0.98948777
"{15028, 6711}",,,,,,,0.58695,0.64298,,,0.6963699999999999,7,0.125,1,0.9686413
"{50286, 4759}",,,,,,,0.90918,0.90525,,,0.80019,-4,,1,0.9991788
"{49953, 64804}",,,,,,,0.77612,0.6464300000000001,,,0.78432,4,,1,0.9835504
"{2576, 74593}",,,,,,,0.43015,0.79825,,,0.69333,0,,1,0.97443885
"{45771, 45877}",,,,,,,0.83965,0.8500200000000001,,,,-4,,1,0.97188956
"{49953, 32934}",,,,,,,0.6977899999999999,0.5290600000000001,,,0.80904,8,,1,0.97759664
"{34225, 4212}",,,,,,,0.71229,0.87121,,,0.58837,13,0.0,1,0.98870367
"{63747, 9443}",,,,,,,0.8753200000000001,0.7668,,,,0,,1,0.97576046
"{52432, 13647}",,,,,,,0.83894,0.80487,,,0.63748,-2,,1,0.99450594
"{75984, 60909}",,,,,,,0.6317,0.73852,,0.82005,0.5895100000000001,31,0.25,1,0.99586415
"{72196, 74510}",,,,,,,0.58335,0.81219,,,0.67098,-7,,1,0.97443515
"{74097, 34225}",,,,,,,0.60787,0.75137,,0.60987,0.58921,7,0.0,1,0.9702079
"{9032, 60798}",,,,,,,0.74548,0.75036,,,0.44702,-1,,1,0.96908826
"{9880, 23769}",,,,,,,0.84514,0.7893899999999999,,,0.77376,9,,1,0.99693775
"{42762, 6470}",,,,,,,0.6945899999999999,0.41871,,0.75984,0.81701,7,,1,0.9845064
"{59402, 68087}",,,,,,,0.73174,0.6147100000000001,,,0.5039899999999999,19,,1,0.9764856
"{6043, 8115}",,,,,,,0.82785,0.80702,,,,17,,1,0.98639864
"{1152, 38047}",,,,,,,0.85551,0.70741,,,,24,,1,0.9709773
"{13447, 13647}",,,,,,,0.88897,0.8846299999999999,,,,-14,,1,0.9858262
"{70048, 48519}",,,,,,,0.79161,0.8733200000000001,,,0.57187,-13,,1,0.9757414
"{25451, 61564}",,,,,,,0.71667,0.8554299999999999,,,,11,,1,0.97560704
"{38026, 10493}",,,,,,,0.73468,0.64362,,,0.8838600000000001,-3,,1,0.9791444
"{29872, 819}",,,,,,,0.82447,0.71935,,,0.66133,-1,,1,0.9828597
"{60078, 16670}",,,,,,,0.7117899999999999,0.72017,,,0.80883,4,,1,0.98607105
"{403, 17223}",,,,,,,0.58472,0.7613800000000001,,,0.5382100000000001,3,,1,0.97823775
"{9438, 47991}",,,,,,,0.89156,0.60305,,,,14,,1,0.9855958
"{32852, 12423}",,,,,,,0.88395,0.80692,,,,-1,,1,0.9914841
"{23981, 43181}",,,,,,,0.6322800000000001,0.77609,,,0.37978,26,0.2222199999999999,1,0.9952114
"{68633, 51629}",,,,,,,0.78241,0.77531,,,,6,,1,0.9686885
"{51082, 30263}",,,,,,,0.69189,0.68986,,,0.6775800000000001,-6,,1,0.9716432
"{50208, 17872}",,,,,,,0.9206,,,,0.70833,-6,0.27273,1,0.983324
"{24908, 23564}",,,,,,,0.91771,0.64931,,,,6,0.0,1,0.96812135
"{68087, 11511}",,,,,,,0.89495,0.7346699999999999,,,,-4,,1,0.9818138
"{50507, 71543}",,,,,,,0.81034,0.68372,,,0.66159,-5,,1,0.9824901
"{4212, 40382}",,,,,,,0.44952,0.82394,,,0.62739,-6,,1,0.9738898
"{53336, 74803}",,,,,,,0.79461,0.6894399999999999,,,0.73946,3,,1,0.987644
"{25451, 69461}",,,,,,,0.9013,0.7316600000000001,,,0.8244799999999999,-7,,1,0.9969318
"{38468, 65150}",,,,,,,0.9088,0.85088,,,,8,0.0,1,0.99200094
"{36557, 74517}",,,,,,,0.90105,,,,0.50522,3,,1,0.9742498
"{43833, 66481}",,,,,,,0.8428100000000001,0.63481,,,0.74347,-10,0.0,1,0.9755883
"{56024, 47793}",,,,,,,0.7823399999999999,0.77858,,,0.49145,-8,,1,0.97376186
"{36624, 63923}",,,,,,,0.5617300000000001,0.73278,,,0.56563,19,,1,0.97127366
"{52545, 27915}",,,,,,,0.44358,0.76927,,0.39377,0.6543399999999999,9,,1,0.9817664
"{34225, 38451}",,,,,,,0.69257,0.8205399999999999,,0.60078,0.5836899999999999,-4,0.0,1,0.9857874
"{73888, 71719}",,,,,,,0.84249,0.8492299999999999,,,,12,,1,0.98309535
"{50443, 44598}",,,,,,,0.60065,0.78072,,0.3251699999999999,0.6017100000000001,6,,1,0.9833242
"{46834, 8886}",,,,,,,0.71926,,,,0.7962600000000001,-5,0.61905,1,0.9697949
"{29353, 58025}",,,,,,,0.50553,0.77241,,,0.56234,4,,1,0.9707371
"{70993, 31004}",,,,,,,0.80466,0.7790699999999999,,,0.62867,-8,0.0,1,0.98282444
"{47404, 13620}",,,,,,,0.69148,0.79792,0.2102,0.57836,0.53779,22,0.36364,1,0.99882954
"{32339, 24123}",,,,,,,0.78101,0.84364,,,0.51205,-11,,1,0.968421
"{8930, 74789}",,,,,,,0.62505,0.8164899999999999,,0.5424,0.57593,-9,,1,0.9805033
"{18480, 65482}",,,,,,,0.83236,0.80418,,,0.4797300000000001,-11,0.0,1,0.97037315
"{30147, 64804}",,,,,,,0.85969,0.8220000000000001,0.7653300000000001,,0.89202,2,,1,0.9976301
"{56126, 8358}",,,,,,,0.74147,0.8748799999999999,,,0.65914,-12,,1,0.98121005
"{11684, 33372}",,,,,,,0.76479,0.80047,,,,14,,1,0.98066896
"{19456, 8689}",,,,,,,0.77349,0.7959999999999999,,,0.40574,0,0.0,1,0.97098494
"{31817, 31531}",,,,,,,0.8226600000000001,0.8012199999999999,,,,15,,1,0.98611605
"{60094, 71719}",,,,,,,0.8201299999999999,0.8255399999999999,,,0.09462,10,,1,0.9863137
"{76345, 77073}",,,,,,,0.71021,0.8200799999999999,,,0.3653,10,0.0,1,0.9776869
"{64921, 38397}",,,,,,,0.69517,0.77347,,,0.40055,7,,1,0.983453
"{19456, 20317}",,,,,,,0.66251,0.83654,,,0.51802,-1,0.0,1,0.968101
"{13724, 49773}",,,,,,,0.7133,0.79964,,,0.54392,-7,,1,0.97805434
"{71938, 3339}",,,,,,,0.69616,0.80114,,,0.6044,-6,0.0,1,0.98259455
"{27497, 10526}",,,,,,,0.65615,0.77617,,,0.6227600000000001,5,0.0,1,0.98294157
"{808, 63747}",,,,,,,0.8969,0.62173,,,,-3,,1,0.975437
"{9851, 48750}",,,,,,,0.90792,,,,,34,0.25,1,0.9855788
"{61707, 24443}",,,,,,,0.6997800000000001,0.83076,,,0.18654,6,0.0,1,0.9714531
"{9032, 61414}",,,,,,,0.79467,0.79814,,,0.49409,-10,,1,0.97528255
"{40307, 28895}",,,,,,,0.75851,0.76168,,,,8,,1,0.97007006
"{17872, 22293}",,,,,,,0.92917,,,,,4,0.33333,1,0.9758011
"{9032, 49222}",,,,,,,0.76559,0.73238,,0.12385,0.64377,-6,,1,0.9705941
"{18809, 25451}",,,,,,,0.68817,0.80493,,,0.69186,-10,,1,0.98927283
"{43971, 36119}",,,,,,,0.74392,0.7823399999999999,,,0.50739,-4,,1,0.9827876
"{72315, 77228}",,,,,,,0.60105,0.77179,,,0.32731,10,,1,0.97351223
"{11262, 6431}",,,,,,,0.64294,0.77994,,0.12657,0.58622,-2,0.1,1,0.9850154
"{68087, 75471}",,,,,,,0.8518,0.8636,,,,1,,1,0.97167563
"{31872, 56319}",,,,,,,0.80824,0.84652,,,0.8473200000000001,-9,,1,0.99659723
"{54114, 72819}",,,,,,,0.80892,0.61833,,0.71302,0.4854100000000001,-6,0.15789,1,0.983094
"{68202, 28375}",,,,,,,0.64208,0.7113,,,0.79595,-3,,1,0.9728425
"{51700, 7589}",,,,,,,0.72011,0.80971,,,0.7490600000000001,-4,,1,0.9936101
"{70480, 31531}",,,,,,,0.8132,0.68602,,,0.78973,-10,,1,0.9875723
"{68658, 25132}",,,,,,,0.70594,0.59339,0.2556,-0.06321,0.7446,3,0.0,1,0.97753125
"{18480, 46695}",,,,,,,0.8372,0.7881,,,,7,0.25,1,0.99086106
"{61414, 43582}",,,,,,,0.73453,0.69645,,,0.7965,-9,0.0,1,0.9714559
"{61864, 30125}",,,,,,,0.8540700000000001,,,,0.66161,5,0.52174,1,0.9749981
"{63552, 6431}",,,,,,,0.7318100000000001,0.7691399999999999,,0.50536,0.53256,-4,,1,0.98593223
"{57530, 64804}",,,,,,,0.8360799999999999,0.88223,,,,0,,1,0.9816394
"{4651, 56419}",,,,,,,0.76061,0.69534,,0.0768399999999999,0.7196899999999999,10,0.0476199999999999,1,0.9875589
"{56720, 45550}",,,,,,,0.67337,0.89985,,,0.67632,-5,,1,0.9898739
"{32852, 56319}",,,,,,,0.7530899999999999,0.8174100000000001,,,,11,,1,0.97560704
"{17872, 47839}",,,,,,,0.90689,,,,0.6122,0,0.25,1,0.98934925
"{17206, 4759}",,,,,,,0.8756799999999999,0.79287,,,0.74317,-15,,1,0.97798985
"{18955, 30741}",,,,,,,0.69291,0.8700700000000001,0.03174,,0.64061,-8,0.0,1,0.9849526
"{10493, 10063}",,,,,,,0.6786399999999999,0.78923,,,0.63275,-12,,1,0.9778426
"{68013, 5694}",,,,,,,0.8890600000000001,,,,0.66222,2,0.0,1,0.97373116
"{72445, 25654}",,,,,,,0.54324,0.87971,,,0.58249,2,0.0,1,0.97244555
"{56756, 3845}",,,,,,,0.74351,0.78077,,0.49436,0.58287,8,0.0,1,0.9899518
"{13977, 49269}",,,,,,,0.46368,0.7730100000000001,,,0.49799,11,,1,0.9762308
"{14432, 10216}",,,,,,,0.94248,,,,0.7037100000000001,3,0.0,1,0.97622234
"{20789, 25261}",,,,,,,0.7255699999999999,0.7858,,,0.16036,-2,,1,0.97095037
"{75578, 71719}",,,,,,,0.84249,0.8449700000000001,,,,2,,1,0.9784774
"{71882, 37333}",,,,,,,0.75673,0.69768,,,0.6258699999999999,6,,1,0.9775284
"{69461, 48519}",,,,,,,0.83015,0.69648,,,0.8796,-9,,1,0.9897537
"{61159, 36791}",,,,,,,0.74829,0.74364,,,0.77637,-9,,1,0.98433626
"{32339, 9955}",,,,,,,0.7803100000000001,0.7575,,,0.6724399999999999,-13,0.08333,1,0.9699358
"{65150, 9814}",,,,,,,0.80665,0.80797,,,0.3602,-3,0.0,1,0.980391
"{63331, 34149}",,,,,,,0.88469,0.71136,,,,-6,,1,0.9783055
"{4018, 19174}",,,,,,,0.78177,0.82947,,,0.33819,8,,1,0.983772
"{32339, 54819}",,,,,,,0.76525,0.81562,,,0.77884,-9,0.0,1,0.99075234
"{68633, 60798}",,,,,,,0.6428699999999999,0.81488,,,0.51871,11,,1,0.98673314
"{51700, 726}",,,,,,,0.787,0.7853600000000001,-0.20259,,0.77315,-2,0.0,1,0.9867699
"{36335, 56319}",,,,,,,0.89954,0.8254799999999999,,,0.88739,-11,,1,0.9986052
"{1546, 61414}",,,,,,,0.85011,0.70049,,,0.7662100000000001,-11,0.0,1,0.9716494
"{36235, 35910}",,,,,,,0.34669,0.58387,0.2425199999999999,,0.80204,14,,1,0.976611
"{70904, 61564}",,,,,,,0.83342,0.76612,,,,8,,1,0.97816354
"{75170, 68202}",,,,,,,0.6593600000000001,0.8219200000000001,,,0.67094,0,0.0,1,0.98025805
"{70480, 36235}",,,,,,,0.79265,0.61582,0.61869,,0.78757,7,,1,0.99002916
"{10493, 14965}",,,,,,,0.75993,0.78473,,,0.29456,6,0.0,1,0.97521687
"{40811, 49222}",,,,,,,0.76022,0.78762,,,0.38704,1,,1,0.97815955
"{45771, 32852}",,,,,,,0.87735,0.82562,,,,12,,1,0.98309535
"{23931, 44987}",,,,,,,0.7046899999999999,0.77056,,,0.44832,0,,1,0.984937
"{22664, 50507}",,,,,,,0.81053,0.59516,,,0.65827,-5,,1,0.9730886
"{43971, 48077}",,,,,,,0.70298,0.6631100000000001,,,0.74416,-9,,1,0.9786941
"{75984, 60551}",,,,,,,0.93241,,,0.78535,,1,0.5,1,0.9853994
"{38664, 35223}",,,,,,,0.8033600000000001,0.8314299999999999,,,0.24714,1,0.0476199999999999,1,0.9772521
"{50865, 73556}",,,,,,,0.40086,0.79696,,,0.77441,-5,,1,0.9820451
"{40811, 64926}",,,,,,,0.8348,0.8285,,,0.46613,-5,,1,0.98917
"{12474, 19838}",,,,,,,0.65851,0.7961699999999999,,,0.62147,1,,1,0.9847643
"{68768, 49953}",,,,,,,0.7348399999999999,0.7478600000000001,,,0.8676200000000001,6,,1,0.9875761
"{55795, 13620}",,,,,,,0.7043,0.73218,0.41203,0.7749,0.4604899999999999,19,0.36364,1,0.9977431
"{4212, 56510}",,,,,,,0.92224,0.78625,,,,18,0.33333,1,0.9986798
"{13800, 62363}",,,,,,,0.85877,0.78472,,,0.60337,-10,,1,0.99215686
"{26200, 30089}",,,,,,,0.88986,0.7801100000000001,,,0.52656,-8,,1,0.99641246
"{38397, 45471}",,,,,,,0.60428,0.86636,,,0.5935,3,0.0,1,0.9769543
"{29979, 19643}",,,,,,,0.8810399999999999,0.7877,,,,-1,,1,0.9723675
"{64059, 40451}",,,,,,,0.88828,0.49658,,,,7,0.09302,1,0.9685941
"{74709, 70293}",,,,,,,0.79823,0.6068100000000001,,0.79315,0.46024,3,,1,0.9783069
"{63393, 74593}",,,,,,,0.5693,0.77515,,,0.46451,10,,1,0.97973895
"{34752, 38468}",,,,,,,0.80587,0.7843100000000001,,,,14,0.05882,1,0.98858726
"{72819, 39950}",,,,,,,0.89045,0.81096,,,,1,0.0,1,0.98916686
"{74833, 21170}",,,,,,,0.70792,0.619,,0.53976,0.71172,-4,,1,0.9774694
"{31289, 74803}",,,,,,,0.77678,0.77027,,,0.61421,1,,1,0.9894671
"{73520, 2967}",,,,,,,0.88145,0.62117,,,0.54272,3,0.01818,1,0.9775302
"{4651, 24484}",,,,,,,0.93283,,,,0.78228,-1,0.0,1,0.97900236
"{38451, 42735}",,,,,,,0.81572,0.77458,0.39237,0.25524,0.7186899999999999,2,0.0,1,0.9953178
"{26200, 16670}",,,,,,,0.65157,0.79575,,,0.59359,2,,1,0.98534214
"{34752, 60094}",,,,,,,0.75603,0.8284100000000001,,,,12,,1,0.9767865
"{17947, 22694}",,,,,,,0.70663,0.75198,,,0.4377899999999999,5,0.05882,1,0.9730559
"{63488, 32419}",,,,,,,0.7129300000000001,0.67825,,,0.49038,-15,1.0,1,0.97374856
"{74593, 56255}",,,,,,,0.53622,0.81543,,,0.65784,-10,,1,0.9734284
"{44392, 5469}",,,,,,,0.64883,0.58449,,0.74136,0.69214,19,,1,0.9879929
"{20697, 3907}",,,,,,,0.6744100000000001,0.66467,0.41363,,0.5770000000000001,9,0.03226,1,0.9735642
"{1324, 49222}",,,,,,,0.7830600000000001,0.82226,,,0.4653,-4,,1,0.98383015
"{51083, 35223}",,,,,,,0.81412,0.8273299999999999,,,0.4875,6,0.05882,1,0.9923524
"{29872, 4651}",,,,,,,0.7974600000000001,0.65636,,,0.73595,-9,,1,0.97946244
"{40850, 32339}",,,,,,,0.71348,0.77698,,,0.37981,-3,0.0,1,0.96797335
"{43482, 27723}",,,,,,,0.8402700000000001,0.81338,,,0.74989,4,0.04545,1,0.99665797
"{17872, 22685}",,,,,,,0.91029,,,,0.62349,1,0.0,1,0.97234774
"{12474, 74803}",,,,,,,0.8907,0.8553200000000001,,,0.5743199999999999,-12,,1,0.9961398
"{34752, 69577}",,,,,,,0.76745,0.7995,,,,8,0.11765,1,0.98232263
"{31289, 72196}",,,,,,,0.75074,0.8990600000000001,,,0.5825899999999999,4,,1,0.99322
"{32852, 11381}",,,,,,,0.87705,0.88684,,,,2,,1,0.98370844
"{9880, 46855}",,,,,,,0.74058,0.69497,,,0.80574,-9,,1,0.9825984
"{68202, 43086}",,,,,,,0.71138,0.53651,,,0.64682,3,,1,0.967992
"{74073, 17340}",,,,,,,0.8684299999999999,0.7527,,,0.889,-3,,1,0.99384034
"{73550, 50286}",,,,,,,0.8487299999999999,0.8348700000000001,,,0.7974600000000001,2,,1,0.99713993
"{14432, 11831}",,,,,,,0.8980899999999999,0.67974,,,0.5667800000000001,-11,,1,0.98806226
"{57657, 68658}",,,,,,,0.71197,0.56955,0.06142,0.76022,0.8166100000000001,10,0.06667,1,0.9956448
"{72819, 22694}",,,,,,,0.8592200000000001,0.8470700000000001,,0.64551,0.5927899999999999,13,0.07407,1,0.99675083
"{64482, 4442}",,,,,,,0.72469,0.6832600000000001,,,0.58332,-1,0.6470600000000001,1,0.9844094
"{17872, 74161}",,,,,,,0.92718,,,,0.73059,-11,,1,0.9702726
"{9032, 72196}",,,,,,,0.66886,0.76767,,,0.55099,-3,,1,0.97959864
"{4651, 3039}",,,,,,,0.79168,0.6429,,0.24763,0.5922,14,,1,0.97601163
"{24354, 10493}",,,,,,,0.7440399999999999,0.78335,,-0.01787,0.70101,-14,,1,0.972347
"{26812, 45877}",,,,,,,0.88831,0.79827,,,,-8,,1,0.9884716
"{819, 17223}",,,,,,,0.8607600000000001,0.73815,,,0.56308,6,,1,0.97681093
"{36656, 17223}",,,,,,,0.79596,0.81019,,,0.28519,0,,1,0.9791301
"{3339, 9814}",,,,,,,0.68238,0.7289399999999999,,,0.4583600000000001,16,0.1,1,0.97876877
"{13480, 18955}",,,,,,,0.91895,0.61334,,,0.53903,-6,0.09091,1,0.9915314
"{62737, 27723}",,,,,,,0.8764299999999999,0.72042,,,0.4366600000000001,4,0.16667,1,0.977953
"{12684, 73541}",,,,,,,0.78269,0.8823200000000001,0.68153,0.13475,0.63343,22,0.45455,1,0.99868184
"{32852, 4759}",,,,,,,0.92175,0.90073,,,,-13,,1,0.98545134
"{51364, 45799}",,,,,,,0.8882899999999999,0.78454,,,,-8,,1,0.9884716
"{36609, 46695}",,,,,,,0.93105,0.91259,,,,-4,0.05,1,0.99447674
"{42340, 51700}",,,,,,,0.48193,0.79293,-0.58357,,0.38248,15,,1,0.97522277
"{10526, 30231}",,,,,,,0.65327,0.8026399999999999,,,,16,,1,0.970212
"{20744, 30147}",,,,,,,0.69209,0.76657,0.5171899999999999,,0.93694,-7,,1,0.9944675
"{12733, 68087}",,,,,,,0.82391,0.78356,,,0.4763,-4,,1,0.9897899
"{70993, 48766}",,,,,,,0.8272799999999999,0.78083,,0.3992199999999999,0.56477,-13,0.09091,1,0.9774571
"{60961, 10493}",,,,,,,0.69567,0.7828,,-0.01956,0.8085399999999999,28,0.0,1,0.9964227
"{67121, 24697}",,,,,,,0.81229,0.66041,,,0.7073,2,,1,0.9831744
"{54590, 9814}",,,,,,,0.86013,,0.48478,0.82363,0.70103,3,,1,0.98049086
"{49222, 2967}",,,,,,,0.7551899999999999,0.79419,,,0.47218,-6,,1,0.98238695
"{61477, 45550}",,,,,,,0.68334,0.86416,,0.73522,0.64405,-17,,1,0.96940315
"{63747, 13647}",,,,,,,0.80387,0.6992,,,0.79708,1,,1,0.98196775
"{4817, 75450}",,,,,,,0.78977,,0.77952,,0.81211,22,,1,0.98860127
"{34056, 44616}",,,,,,,0.58634,0.8467100000000001,,,0.61757,-7,,1,0.97069156
"{64804, 32934}",,,,,,,0.71818,0.7297100000000001,0.8497,,0.7532,1,,1,0.9908178
"{20338, 50845}",,,,,,,0.89561,,,,0.8803700000000001,-1,0.0,1,0.97900236
"{4212, 76341}",,,,,,,0.6954199999999999,0.78799,,,0.56658,-8,0.09091,1,0.97821313
"{44704, 16670}",,,,,,,0.41095,0.84705,,,0.57829,6,,1,0.97304744
"{21793, 68202}",,,,,,,0.8842899999999999,0.65025,,,0.4917,-10,,1,0.9857355
"{13994, 7637}",,,,,,,0.6128600000000001,0.79785,,,0.59287,16,0.0,1,0.9831941
"{70048, 13647}",,,,,,,0.8380200000000001,0.86598,,,0.6259100000000001,-13,,1,0.9896124
"{68202, 41078}",,,,,,,0.65095,0.72002,,,0.74628,15,0.0,1,0.9750059
"{70993, 34087}",,,,,,,0.7711399999999999,0.8307700000000001,,,0.62412,-12,0.0,1,0.97445065
"{37348, 55815}",,,,,,,0.76358,0.71805,,,0.5775,2,,1,0.971826
"{52432, 50286}",,,,,,,0.78109,0.8771399999999999,,,0.59019,7,,1,0.9915181
"{18298, 48519}",,,,,,,0.4929199999999999,0.78547,,,0.77575,-5,,1,0.9834731
"{73224, 56720}",,,,,,,0.67867,0.8482,,,0.6160399999999999,-6,,1,0.987955
"{27723, 38451}",,,,,,,0.8609600000000001,0.7831600000000001,,,0.7581899999999999,-6,0.0,1,0.9942656
"{29872, 12382}",,,,,,,0.62269,0.7652800000000001,,,0.61452,-8,,1,0.97651017
"{13977, 20789}",,,,,,,0.53493,0.78227,,,0.48944,2,,1,0.97375643
"{74803, 4212}",,,,,,,0.89894,0.80357,,,0.79587,-4,,1,0.9990646
"{73010, 65308}",,,,,,,0.69124,0.80178,,0.6551100000000001,0.25919,3,0.125,1,0.9880256
"{31298, 71938}",,,,,,,0.80825,0.77165,-0.05235,,0.58782,3,0.0,1,0.9916544
"{9521, 47495}",,,,,,,0.63576,0.7861100000000001,,,0.5705,-1,,1,0.9821566
"{50507, 63764}",,,,,,,0.7583,0.70577,,0.56698,0.66328,-7,,1,0.9713292
"{19811, 27491}",,,,,,,0.67835,0.62661,,,0.6318,4,0.15385,1,0.97584313
"{72196, 74709}",,,,,,,0.6542,0.79503,,,0.72563,10,,1,0.99416864
"{38451, 72863}",,,,,,,0.71463,0.75352,,,0.56689,-3,,1,0.97555363
"{13276, 47574}",,,,,,,0.6457,0.85383,,,0.44791,1,,1,0.97190046
"{48766, 68087}",,,,,,,0.58189,0.79808,,,0.53328,4,,1,0.97637784
"{73888, 31298}",,,,,,,0.81533,0.76347,,,,0,,1,0.97576046
"{8801, 18564}",,,,,,,0.78969,0.80095,,,0.61159,-10,,1,0.98837274
"{31872, 45877}",,,,,,,0.9015,0.8669899999999999,,,,-1,,1,0.9932029
"{11381, 36335}",,,,,,,0.8927799999999999,0.88956,,,0.62841,-19,,1,0.9915929
"{72819, 22771}",,,,,,,0.89674,,,,0.5149600000000001,8,0.1052599999999999,1,0.98399055
"{36656, 70993}",,,,,,,0.89644,,,,0.64268,-9,0.2222199999999999,1,0.9857202
"{17872, 3362}",,,,,,,0.94083,,,,0.77483,-4,0.0,1,0.9711978
"{808, 30263}",,,,,,,0.91438,0.66266,,,,-2,,1,0.9746128
"{47793, 61564}",,,,,,,0.76773,0.78938,,,,11,,1,0.9764841
"{67121, 16670}",,,,,,,0.6424300000000001,0.7702399999999999,,,0.665,7,,1,0.9888953
"{24658, 45517}",,,,,,,0.66502,0.76773,,,0.5028100000000001,3,0.0,1,0.9740477
"{32852, 13447}",,,,,,,0.91283,0.8941899999999999,,,,-14,,1,0.9858262
"{41970, 74516}",,,,,,,0.40103,0.77203,0.0369899999999999,,0.4756899999999999,9,,1,0.9772339
"{73909, 32934}",,,,,,,0.66976,0.69921,,,0.80193,0,,1,0.9761737
"{59858, 68658}",,,,,,,0.6140399999999999,0.8580200000000001,,0.25155,0.63854,-6,,1,0.981267
"{217, 21806}",,,,,,,0.6924100000000001,0.44477,,,0.61658,16,0.13043,1,0.9743624
"{72819, 22293}",,,,,,,0.78614,0.81389,,0.32854,,6,0.16,1,0.9817748
"{15745, 18010}",,,,,,,0.67265,0.70627,,0.0771299999999999,0.29152,20,0.5,1,0.98112386
"{3090, 3239}",,,,,,,0.72031,0.57831,,0.4366100000000001,0.8759299999999999,11,,1,0.9867546
"{62200, 15774}",,,,,,,0.72119,0.82501,,0.44653,,-5,0.13333,1,0.9708153
"{27723, 17223}",,,,,,,0.77867,0.8907,,,0.48388,11,,1,0.9934236
"{68768, 36235}",,,,,,,0.7641,0.93283,,,0.77575,-3,,1,0.9958727
"{62363, 4212}",,,,,,,0.69011,0.8016399999999999,,,0.52799,-1,,1,0.9861377
"{5312, 56419}",,,,,,,0.47958,0.78193,,,0.59232,0,0.1,1,0.98010933
"{60498, 57972}",,,,,,,0.5381199999999999,0.76841,,0.2701199999999999,0.6763899999999999,-3,,1,0.97894615
"{32852, 70917}",,,,,,,0.8084,0.7761899999999999,,,,-5,,1,0.9688283
"{68938, 20421}",,,,,,,0.65025,0.8427,,,0.45293,-5,0.06977,1,0.97360355
"{65482, 60706}",,,,,,,0.77695,0.7658699999999999,,,0.35,-2,0.1,1,0.98350245
"{12411, 36639}",,,,,,,0.8458399999999999,,0.41949,,0.74345,1,,1,0.9719381
"{75450, 55021}",,,,,,,0.89207,,,,0.7913600000000001,-1,,1,0.98779196
"{26200, 68087}",,,,,,,0.82536,0.8288,,,0.25172,3,,1,0.98941857
"{11684, 65550}",,,,,,,0.81314,0.82285,,,,-5,,1,0.9688283
"{31872, 75450}",,,,,,,0.7559899999999999,0.73111,,,0.79548,-7,,1,0.9786052
"{3339, 12684}",,,,,,,0.679,0.80147,,,0.37494,12,0.0,1,0.9752687
"{72469, 63975}",,,,,,,0.44863,0.8943,,,,-18,1.0,1,0.97402465
"{56376, 47252}",,,,,,,0.57194,0.89715,,,,-2,0.58333,1,0.9770528
"{73550, 13647}",,,,,,,0.90694,0.80297,,,0.8488,1,,1,0.9990854
"{4817, 25451}",,,,,,,0.82809,0.6085,-0.43475,,0.82749,3,,1,0.9898437
"{23769, 12423}",,,,,,,0.8491299999999999,0.7517699999999999,,,0.82532,-12,,1,0.9845083
"{17206, 36335}",,,,,,,0.9102,0.71888,,,0.83909,-12,,1,0.99363637
"{57530, 17206}",,,,,,,0.8388700000000001,0.7629199999999999,,,,1,,1,0.97167563
"{68899, 74709}",,,,,,,0.79527,0.68504,,,0.6846800000000001,22,0.09722,1,0.9932112
"{19276, 25663}",,,,,,,0.8861399999999999,,,,,17,0.11765,1,0.974282
"{63764, 68087}",,,,,,,0.74687,0.75978,,,0.41702,18,,1,0.9816651
"{57789, 25159}",,,,,,,0.71945,0.79583,,,0.6805,-5,,1,0.991037
"{49222, 28375}",,,,,,,0.67665,0.80198,,0.39939,0.51885,2,,1,0.9826111
"{66481, 11684}",,,,,,,0.9227,0.78372,,,,16,0.0,1,0.99439347
"{25651, 30125}",,,,,,,0.78204,,,,0.71873,6,0.52174,1,0.9791215
"{16670, 11511}",,,,,,,0.55628,0.76684,,,0.56822,-4,,1,0.96965146
"{40665, 41658}",,,,,,,0.7165100000000001,0.4911,,,0.62947,7,0.25,1,0.9690634
"{60498, 1546}",,,,,,,0.64051,0.83088,0.09987,,0.59578,1,0.0,1,0.9796154
"{1459, 36119}",,,,,,,0.7560600000000001,0.75366,,,0.48481,4,,1,0.9767125
"{57797, 7615}",,,,,,,0.59616,0.8240299999999999,,,0.00866,19,,1,0.9769082
"{67121, 48598}",,,,,,,0.71701,0.8084600000000001,,,0.5889,-5,0.0,1,0.9797916
"{74073, 69461}",,,,,,,0.90499,0.80809,,,0.8660200000000001,-9,,1,0.99917847
"{38468, 35223}",,,,,,,0.80587,0.76615,,,0.51548,20,0.05882,1,0.9973475
"{48785, 12418}",,,,,,,0.75221,0.7088300000000001,,,0.6322399999999999,1,,1,0.9696461
"{28895, 71719}",,,,,,,0.8346299999999999,0.77269,,,0.68012,-3,,1,0.99475163
"{23769, 60963}",,,,,,,0.8959799999999999,,,,0.71731,0,,1,0.9865566
"{57761, 57300}",,,,,,,0.80799,0.6289399999999999,,,0.35733,22,,1,0.9799145
"{75984, 47985}",,,,,,,0.48572,0.74816,,,0.42172,17,0.36364,1,0.96907717
"{7027, 21279}",,,,,,,0.5644600000000001,0.8220299999999999,,,0.4397399999999999,3,,1,0.96824336
"{38912, 4759}",,,,,,,0.93882,0.91206,,,,0,,1,0.99477625
"{10493, 49862}",,,,,,,0.6309600000000001,0.67188,,0.35952,0.7338899999999999,-3,,1,0.975941
"{31872, 7951}",,,,,,,0.73329,0.7778,,,0.748,-8,,1,0.9926662
"{29872, 17223}",,,,,,,0.77565,0.8471700000000001,,,0.53167,4,,1,0.98923165
"{68202, 39943}",,,,,,,0.71272,0.80724,,,0.4808199999999999,-4,0.0,1,0.9744133
"{74017, 10526}",,,,,,,0.62854,0.76373,,,0.31947,-3,0.1,1,0.9735942
"{4040, 17223}",,,,,,,0.67386,0.77382,,,0.57245,3,,1,0.98763114
"{18955, 32956}",,,,,,,0.77117,0.75583,-0.01791,,0.44493,-4,,1,0.97295535
"{76345, 32339}",,,,,,,0.59868,0.7863600000000001,,,0.8330799999999999,-6,0.0,1,0.97976744
"{66481, 46621}",,,,,,,0.8843,0.77935,,,,16,0.2857099999999999,1,0.9986041
"{17872, 63761}",,,,,,,0.89674,,,,0.6468,3,0.0,1,0.97622234
"{23714, 284}",,,,,,,0.5666800000000001,0.7853899999999999,,,0.71748,-5,0.04651,1,0.9862076
"{32934, 47991}",,,,,,,0.7845300000000001,0.64977,,,0.72545,-10,,1,0.97514516
"{31872, 30147}",,,,,,,0.86369,0.87546,,,0.87623,-1,,1,0.99650925
"{22664, 819}",,,,,,,0.84457,0.65041,,,0.64047,10,,1,0.98452574
"{33842, 64804}",,,,,,,0.7659999999999999,0.57505,,,0.78915,-2,,1,0.97401637
"{29872, 68202}",,,,,,,0.8421799999999999,0.63241,,,0.66778,4,,1,0.98028415
"{35512, 30263}",,,,,,,0.70445,0.82435,,,0.64279,0,,1,0.9918825
"{9880, 73909}",,,,,,,0.7268100000000001,0.7360399999999999,,,0.7916300000000001,-4,,1,0.98278093
"{9312, 12416}",,,,,,,0.70727,0.73536,,,0.58849,2,,1,0.9736667
"{74593, 60358}",,,,,,,0.59777,0.7709600000000001,,,0.68421,3,,1,0.9861879
"{34752, 63270}",,,,,,,0.61058,0.8652799999999999,,,,17,0.05882,1,0.9724263
"{61564, 59343}",,,,,,,0.81153,0.8114399999999999,,,,-1,,1,0.9723675
"{4040, 72196}",,,,,,,0.71194,0.76443,,,0.66183,9,,1,0.9935582
"{51700, 21709}",,,,,,,0.65833,0.66117,0.46287,,0.76726,-1,,1,0.9781164
"{57530, 25821}",,,,,,,0.8694700000000001,0.85736,,,,1,,1,0.97167563
"{28721, 65482}",,,,,,,0.81511,0.78772,,,0.6353,-9,0.0,1,0.9920815
"{8801, 60094}",,,,,,,0.90491,0.75776,,,0.36189,12,,1,0.9959649
"{62200, 48283}",,,,,,,0.8482299999999999,0.78645,0.63872,0.53365,,-5,,1,0.979782
"{50286, 36119}",,,,,,,0.81389,0.87256,,,0.44606,-9,,1,0.9865725
"{49953, 47793}",,,,,,,0.8232,0.52242,,,0.85383,-7,,1,0.9706349
"{29511, 12687}",,,,,,,0.7351300000000001,0.8194100000000001,,,0.24738,-2,0.07143,1,0.97755444
"{23769, 50093}",,,,,,,0.75697,0.79459,,,,16,0.0,1,0.96865696
"{11888, 33913}",,,,,,,0.71509,0.79732,,,0.52298,10,,1,0.9912452
"{31872, 13647}",,,,,,,0.79266,0.8383799999999999,,,0.7623300000000001,-13,,1,0.98662984
"{9996, 61159}",,,,,,,0.87236,0.71407,,,0.61833,3,0.0,1,0.97728944
"{69461, 18279}",,,,,,,0.92281,0.73495,,,,-1,,1,0.9821262
"{63747, 5207}",,,,,,,0.90123,,,,0.7729699999999999,-12,,1,0.9703038
"{74073, 36335}",,,,,,,0.92437,0.7461,,,0.8824,2,,1,0.9981217
"{1459, 30147}",,,,,,,0.8146800000000001,0.60698,,,0.8479899999999999,-4,,1,0.9848129
"{73289, 47991}",,,,,,,0.91695,0.72396,,,,-10,,1,0.97306526
"{58009, 49773}",,,,,,,0.6363,0.79795,,,0.55624,-9,,1,0.96910167
"{19174, 10526}",,,,,,,0.8803799999999999,0.80156,,,0.69053,8,0.1052599999999999,1,0.997079
"{74073, 32934}",,,,,,,0.77015,0.7949,,,0.83111,-5,,1,0.99432856
"{20789, 45550}",,,,,,,0.66094,0.82291,,0.4296399999999999,0.72546,-5,,1,0.9910288
"{64804, 49773}",,,,,,,0.76828,0.78615,,,0.6967899999999999,-5,,1,0.9913641
"{6804, 33438}",,,,,,,0.64758,0.72238,,0.4879,0.7944899999999999,-4,,1,0.97619575
"{70993, 63764}",,,,,,,0.84326,0.81321,,0.51542,0.6429,6,0.0,1,0.9950062
"{50286, 47991}",,,,,,,0.88644,0.7107100000000001,,,0.72849,-9,,1,0.9975132
"{60963, 64804}",,,,,,,0.89117,,,,0.65857,6,,1,0.98281246
"{72421, 45942}",,,,,,,0.52918,0.79173,0.33605,0.34634,0.48095,-3,,1,0.9718817
"{8115, 48388}",,,,,,,0.8033899999999999,0.82029,,,,14,,1,0.98066896
"{73541, 74517}",,,,,,,0.8321,0.8972,0.3804300000000001,0.35263,0.56288,-3,,1,0.99422246
"{32339, 37254}",,,,,,,0.53276,0.86349,,,0.76493,-6,0.0,1,0.97806084
"{72819, 15269}",,,,,,,0.7689600000000001,0.73482,,0.42555,0.56887,15,0.0,1,0.9768389
"{56737, 23327}",,,,,,,0.70328,0.58029,,0.39628,,5,0.58333,1,0.96911925
"{71938, 46695}",,,,,,,0.89044,0.7748,,,,14,0.125,1,0.9976407
"{74510, 17223}",,,,,,,0.75889,0.8250299999999999,,,0.47251,-5,,1,0.98221093
"{74073, 4817}",,,,,,,0.8508,0.6568,,,0.75647,8,,1,0.9889614
"{57657, 51804}",,,,,,,0.7619,0.7016,,0.5371,0.6550199999999999,1,,1,0.9780684
"{73594, 61627}",,,,,,,0.84396,,,,0.75684,12,0.1111099999999999,1,0.97904974
"{23769, 64804}",,,,,,,0.8218200000000001,0.8147300000000001,,,0.70165,-6,,1,0.9947937
"{59858, 74709}",,,,,,,0.8237700000000001,0.7931699999999999,,0.14485,0.61654,5,,1,0.98842
"{38026, 68085}",,,,,,,0.79462,0.75678,,,0.80448,-3,,1,0.9902216
"{31531, 17340}",,,,,,,0.7961199999999999,0.5916100000000001,,,0.78417,-9,,1,0.97356814
"{57218, 20421}",,,,,,,0.63662,0.89304,,,0.41402,2,,1,0.97922224
"{75578, 10526}",,,,,,,0.8386600000000001,0.8438,,,,22,,1,0.98953956
"{77073, 46695}",,,,,,,0.84254,0.92198,,,,6,0.0,1,0.96843153
"{68768, 25821}",,,,,,,0.8736700000000001,0.7935,,,0.79252,-12,,1,0.9913052
"{6834, 73550}",,,,,,,0.8253,0.76971,,,,-1,,1,0.9723675
"{55184, 19456}",,,,,,,0.6970000000000001,0.78389,,,0.45351,2,0.0,1,0.9807344
"{25451, 55021}",,,,,,,0.91027,,,,0.84511,-11,,1,0.9702726
"{9390, 17614}",,,,,,,0.5683699999999999,0.64653,,,0.79855,-2,0.1052599999999999,1,0.96920884
"{13724, 30263}",,,,,,,0.6992,0.75034,,,0.74395,-5,,1,0.98948777
"{50477, 68654}",,,,,,,0.67901,0.81958,,,0.53157,-4,,1,0.9818747
"{2125, 22869}",,,,,,,0.6876,,0.34609,,0.77144,5,0.45161,1,0.98082227
"{77073, 49278}",,,,,,,0.70373,0.81293,,,0.6519199999999999,-10,,1,0.98927283
"{27355, 45550}",,,,,,,0.63568,0.8124100000000001,,0.67403,0.73612,-14,,1,0.9817218
"{69392, 76477}",,,,,,,0.8831399999999999,0.7841600000000001,,,0.2135099999999999,-7,0.0,1,0.98939604
"{11684, 40333}",,,,,,,0.89699,0.83235,,,,-2,0.0,1,0.9892915
"{56419, 49222}",,,,,,,0.8205100000000001,0.76918,,0.0045299999999999,0.69667,13,,1,0.9955504
"{73913, 36124}",,,,,,,0.52856,0.75035,0.1593099999999999,,0.51932,10,,1,0.9726815
"{69392, 819}",,,,,,,0.6995899999999999,0.7033699999999999,,0.8566600000000001,0.45027,-1,,1,0.9773193
"{34225, 33679}",,,,,,,0.7139800000000001,0.89049,,0.45688,0.73042,0,,1,0.996302
"{30147, 63261}",,,,,,,0.89636,,,,0.8598100000000001,0,,1,0.98870033
"{40811, 4212}",,,,,,,0.89944,0.8979,,,0.5273899999999999,11,0.0,1,0.9974432
"{74073, 64804}",,,,,,,0.7987,0.80618,,,0.78359,-9,,1,0.9944056
"{62737, 68087}",,,,,,,0.73652,0.84567,,,0.49873,-4,,1,0.9832223
"{37348, 39023}",,,,,,,0.8336899999999999,0.81116,,,0.54264,-12,,1,0.9757671
"{38026, 819}",,,,,,,0.8795,0.65814,,,0.80472,-1,,1,0.9874308
"{51196, 50262}",,,,,,,0.78289,0.83176,,0.59824,0.48648,-10,,1,0.97829926
"{19456, 9814}",,,,,,,0.59525,0.77841,,,0.73087,-1,0.0,1,0.97891873
"{64482, 12827}",,,,,,,0.70365,0.80115,,,,-3,0.40741,1,0.98046726
"{65482, 20789}",,,,,,,0.91116,0.82083,,,0.494,-3,,1,0.99779737
"{10547, 52516}",,,,,,,0.68583,,,,0.78474,20,0.30189,1,0.98765415
"{18010, 25214}",,,,,,,0.7577699999999999,0.79215,,,0.75642,-11,0.0,1,0.9838044
"{8801, 46621}",,,,,,,0.79132,0.82284,,,,18,0.0,1,0.97101295
"{55021, 32182}",,,,,,,0.8989799999999999,,,,0.6077600000000001,11,,1,0.9852136
"{23769, 63252}",,,,,,,0.812,0.65504,,,0.7704300000000001,-1,0.0,1,0.97789735
"{17872, 30426}",,,,,,,0.90318,,,,0.4617,16,0.0625,1,0.9851022
"{67121, 70105}",,,,,,,0.7282,0.78523,,,0.78823,0,0.0,1,0.9905748
"{17223, 43751}",,,,,,,0.71937,0.7733300000000001,,,0.35306,-3,,1,0.9780247
"{33858, 4651}",,,,,,,0.7157100000000001,0.68408,,,0.6230399999999999,13,,1,0.9844825
"{59019, 71803}",,,,,,,0.8199,0.5704899999999999,,,0.7478199999999999,-3,,1,0.98184377
"{32934, 13647}",,,,,,,0.76937,0.75248,,,0.76457,5,,1,0.99208415
"{17947, 19718}",,,,,,,0.71587,0.81186,,,0.56292,22,0.0,1,0.99249846
"{25433, 36290}",,,,,,,0.8924200000000001,,,,,3,0.33333,1,0.9784424
"{50865, 11381}",,,,,,,0.59009,0.83395,0.75841,,0.74571,-11,,1,0.9794805
"{12027, 72196}",,,,,,,0.55762,0.82185,,,0.54802,-3,,1,0.97117805
"{24123, 72819}",,,,,,,0.79793,0.7353,,,0.39316,15,,1,0.97170234
"{74073, 33842}",,,,,,,0.8231,0.60455,,,0.8806299999999999,-8,,1,0.9831572
"{24697, 56756}",,,,,,,0.67971,0.77769,,,0.74003,3,,1,0.99495655
"{43482, 68658}",,,,,,,0.5588,0.74835,0.45037,0.6903,0.8143199999999999,9,0.0,1,0.9902374
"{76033, 38451}",,,,,,,0.8532,0.76685,0.41216,0.24981,0.6551600000000001,16,0.0,1,0.99592257
"{49953, 73550}",,,,,,,0.84135,0.46697,,,0.7757,7,,1,0.9759936
"{46621, 58070}",,,,,,,0.8841700000000001,0.7925300000000001,,,,-12,0.0,1,0.9744478
"{11400, 39950}",,,,,,,0.8468100000000001,0.75541,,,,2,0.0952399999999999,1,0.9702711
"{19453, 17463}",,,,,,,0.68765,0.5494600000000001,,,0.65874,11,,1,0.9741323
"{50865, 56479}",,,,,,,0.79479,0.8557100000000001,0.3073099999999999,,0.8427399999999999,-3,,1,0.99616724
"{70048, 25451}",,,,,,,0.8498600000000001,0.85621,,,0.5635399999999999,-14,,1,0.9768956
"{51192, 10526}",,,,,,,0.6435,0.8802399999999999,,,0.61744,16,0.0,1,0.98812556
"{50824, 18480}",,,,,,,0.80229,0.78708,,,,-3,0.25,1,0.9787259
"{24698, 51804}",,,,,,,0.55708,0.76183,,-0.14475,0.59897,15,,1,0.9844542
"{36609, 17947}",,,,,,,0.86597,0.75412,,,0.45152,-2,0.0,1,0.9719264
"{68202, 74803}",,,,,,,0.89054,0.71617,,,0.57316,-9,,1,0.99415016
"{10526, 47839}",,,,,,,0.74349,0.68278,,,0.62935,-1,0.03704,1,0.9721033
"{18809, 9443}",,,,,,,0.7421,0.86621,,,,3,,1,0.96819335
"{73556, 18861}",,,,,,,0.71418,0.8165100000000001,,,0.69945,-8,,1,0.9888426
"{45877, 36335}",,,,,,,0.8874200000000001,0.85893,,,,-3,,1,0.9935462
"{25618, 31004}",,,,,,,0.3650199999999999,0.79718,,,0.6139399999999999,4,,1,0.9733993
"{50865, 7951}",,,,,,,0.79465,0.85661,-0.01945,,0.5576399999999999,7,,1,0.99169135
"{65482, 59290}",,,,,,,0.7256199999999999,0.7752100000000001,,,0.68309,-13,0.0,1,0.9706134
"{62386, 68831}",,,,,,,0.8126,,,,0.7640399999999999,21,,1,0.98262644
"{18809, 73909}",,,,,,,0.71892,0.5518,,,0.71234,3,,1,0.97655165
"{49222, 10063}",,,,,,,0.74102,0.77471,,,0.6714600000000001,-12,,1,0.98121005
"{2074, 39670}",,,,,,,0.71608,0.77444,,,0.48472,7,,1,0.98803526
"{60961, 38026}",,,,,,,0.7662100000000001,0.72972,,,0.8459,-3,,1,0.9852254
"{74073, 50286}",,,,,,,0.90432,0.90246,,,0.55116,-18,,1,0.98603964
"{34402, 51364}",,,,,,,0.74549,0.76127,,,0.57601,-13,,1,0.97483736
"{10493, 74510}",,,,,,,0.79692,0.84991,,0.21239,0.7655,4,0.0,1,0.98683584
"{72819, 46695}",,,,,,,0.88333,0.79565,,,,16,0.1052599999999999,1,0.9972193
"{32339, 39670}",,,,,,,0.86085,0.6321100000000001,,,0.78236,-8,,1,0.9845489
"{33842, 73550}",,,,,,,0.8227200000000001,0.5925,,,0.74717,-11,,1,0.97357553
"{33842, 17206}",,,,,,,0.78823,0.68857,,,0.67847,6,,1,0.97833794
"{13620, 14364}",,,,,,,0.7590899999999999,0.86054,,,0.82862,-9,0.0,1,0.9904022
"{50417, 68087}",,,,,,,0.79567,0.8380299999999999,,,0.47267,-7,,1,0.97690713
"{32339, 67446}",,,,,,,0.72682,0.82601,,,0.5486300000000001,-4,0.0,1,0.97655576
"{57530, 32852}",,,,,,,0.86213,0.91687,,,,19,,1,0.9917452
"{69689, 16670}",,,,,,,0.59337,0.77851,,,0.44575,9,,1,0.96852064
"{20979, 10526}",,,,,,,0.85239,0.80884,,,0.67108,-5,0.1,1,0.9956203
"{11381, 32934}",,,,,,,0.83291,0.8143699999999999,0.55912,,0.6797,4,,1,0.996808
"{25451, 18279}",,,,,,,0.80571,0.8535,,,,18,,1,0.9869643
"{3339, 64131}",,,,,,,0.73206,0.8418700000000001,,,0.4021099999999999,13,0.0,1,0.97967166
"{27723, 61159}",,,,,,,0.9005299999999999,0.73821,,,0.68096,0,0.0,1,0.99431604
"{10526, 60423}",,,,,,,0.77845,0.8471299999999999,,,0.52407,5,0.0,1,0.9834442
"{38259, 17223}",,,,,,,0.81407,0.75244,,,0.43021,-4,,1,0.97806495
"{9521, 15028}",,,,,,,0.61807,0.8035899999999999,,,0.8115100000000001,7,0.0,1,0.98619545
"{50286, 56479}",,,,,,,0.71273,0.82194,,,0.60348,-1,,1,0.9888489
"{8161, 36235}",,,,,,,0.8973700000000001,,,,0.64615,4,,1,0.98266155
"{5312, 54771}",,,,,,,0.6281899999999999,0.7642800000000001,,,0.6443399999999999,1,0.0,1,0.9769131
"{25261, 1230}",,,,,,,0.92246,0.7679199999999999,,,0.09859,-13,,1,0.98644894
"{31969, 32505}",,,,,,,0.74785,0.82078,0.78081,0.7195600000000001,,2,0.1739099999999999,1,0.9884604
"{4212, 11511}",,,,,,,0.7964600000000001,0.78425,,,0.73652,1,0.0,1,0.98936045
"{13977, 25302}",,,,,,,0.57673,0.83131,,,0.55487,10,,1,0.981444
"{30147, 13724}",,,,,,,0.89197,0.7819699999999999,,,,-10,,1,0.99073386
"{76461, 73550}",,,,,,,0.7771399999999999,0.5677,,,0.9353,6,,1,0.9798288
"{17947, 22685}",,,,,,,0.7780699999999999,0.83605,,,0.6541,-3,0.0,1,0.9864162
"{73550, 36335}",,,,,,,0.8687,0.7628699999999999,,,0.78559,-14,,1,0.9869981
"{70048, 76461}",,,,,,,0.61927,0.8064399999999999,,,0.7642,-10,,1,0.9870184
"{25451, 47991}",,,,,,,0.90429,0.7389600000000001,,,0.7892399999999999,-18,,1,0.97610915
"{49953, 31531}",,,,,,,0.8269200000000001,0.59775,,,0.72918,15,,1,0.9920277
"{31531, 73909}",,,,,,,0.80991,0.5921,,,0.7296100000000001,-7,,1,0.97840583
"{49953, 11381}",,,,,,,0.78156,0.66671,,,0.75757,10,,1,0.98834616
"{23769, 9443}",,,,,,,0.85536,0.8145600000000001,,,,-6,,1,0.9698251
"{60428, 49222}",,,,,,,0.7024199999999999,0.6518,,0.1966,0.72209,6,,1,0.98037875
"{73289, 36119}",,,,,,,0.8963,0.8637100000000001,,,,0,,1,0.9940533
"{73541, 77389}",,,,,,,0.68198,0.67177,,,0.51662,26,,1,0.9837805
"{29754, 41038}",,,,,,,0.7279100000000001,0.78884,,,0.5432,-8,,1,0.97506136
"{25451, 64804}",,,,,,,0.78971,0.79289,,,0.75037,-11,,1,0.9905336
"{17872, 40451}",,,,,,,0.88612,,,,0.5965600000000001,3,0.15,1,0.98709595
"{33872, 61414}",,,,,,,0.86756,0.68404,,,0.61579,-5,,1,0.9799018
"{74517, 47942}",,,,,,,0.72673,0.63759,,,0.72897,2,,1,0.98262286
"{5207, 13647}",,,,,,,0.89894,,,,0.77154,-1,,1,0.98779196
"{32339, 46733}",,,,,,,0.75915,0.91187,,,0.75769,-14,0.06667,1,0.9816429
"{18298, 25451}",,,,,,,0.5796899999999999,0.8454799999999999,,,0.75033,-11,,1,0.9756309
"{13788, 10526}",,,,,,,0.84309,0.81981,,,,5,,1,0.97516465
"{40189, 68087}",,,,,,,0.72008,0.8418700000000001,,,0.32151,-1,,1,0.9762565
"{50507, 726}",,,,,,,0.80393,0.58143,,0.36396,0.63669,5,,1,0.96974933
"{19456, 12418}",,,,,,,0.73388,0.83254,,,0.6084,1,0.0,1,0.9822175
"{50477, 25302}",,,,,,,0.77331,0.7259899999999999,,,0.67916,1,,1,0.970731
"{34402, 47991}",,,,,,,0.8174600000000001,0.6351899999999999,,,0.65203,0,,1,0.9810388
"{66968, 49222}",,,,,,,0.84005,0.77161,,,0.69845,4,,1,0.9948782
"{7300, 903}",,,,,,,0.5799,0.8794700000000001,,,,11,0.36364,1,0.98612833
"{5414, 35663}",,,,,,,1.0,,,1.0,,-14,1.0,1,0.9926004
"{53208, 13800}",,,,,,,0.70094,0.8145,,,0.38502,-6,,1,0.9756162
"{35512, 13647}",,,,,,,0.55595,0.858,,,0.6683100000000001,-7,,1,0.97443515
"{74803, 7589}",,,,,,,0.37754,0.76895,,,0.7441399999999999,-10,,1,0.97100013
"{52432, 32667}",,,,,,,0.76541,0.88733,,,,-3,,1,0.9686556
"{249, 45771}",,,,,,,0.8847799999999999,0.80245,,,,-15,,1,0.9727788
"{61381, 77415}",,,,,,,0.86065,,,,0.65317,11,0.33333,1,0.9714315
"{66784, 71320}",,,,,,,0.7802100000000001,0.736,,0.27451,,6,0.55556,1,0.9743043
"{30147, 56319}",,,,,,,0.86059,0.87897,,,0.89046,-10,,1,0.99688476
"{70917, 13902}",,,,,,,0.85575,0.8235899999999999,,,,-2,,1,0.97199565
"{50824, 73888}",,,,,,,0.8855299999999999,0.69913,,,,-10,,1,0.97306526
"{13788, 46695}",,,,,,,0.875,0.86156,,,,-5,,1,0.9688283
"{52777, 65150}",,,,,,,0.7452300000000001,0.8206100000000001,,,0.5855100000000001,0,,1,0.98967946
"{75121, 68831}",,,,,,,0.8603,,,,0.7741,1,0.3,1,0.9754077
"{70993, 13994}",,,,,,,0.82458,0.7649699999999999,,,0.44938,0,0.14286,1,0.993212
"{8104, 25977}",,,,,,,0.58495,0.82873,,,0.36459,4,0.08333,1,0.9690271
"{27978, 65150}",,,,,,,0.8788799999999999,0.81034,,,0.40307,-4,0.0,1,0.98022425
"{3339, 77415}",,,,,,,0.74592,0.79595,,,0.54577,4,0.0,1,0.9826713
"{7300, 46621}",,,,,,,0.88718,0.7377199999999999,,,,-4,0.0,1,0.97228956
"{31121, 71565}",,,,,,,0.67804,0.78295,,,0.52083,10,,1,0.98965734
"{45771, 69461}",,,,,,,0.89107,0.7922600000000001,,,,-14,,1,0.98388463
"{22233, 66481}",,,,,,,0.81486,0.80203,,,0.77941,8,,1,0.99693775
"{15885, 12382}",,,,,,,0.68038,0.75626,0.34371,,0.71867,-11,,1,0.9851723
"{4040, 38397}",,,,,,,0.8416899999999999,0.82027,,,0.55186,-4,0.0,1,0.98569494
"{23769, 56479}",,,,,,,0.75632,0.67923,,,0.75258,-6,,1,0.9825361
"{27723, 49222}",,,,,,,0.8692700000000001,0.66682,,,0.74203,6,,1,0.98916584
"{70105, 819}",,,,,,,0.47776,0.7659,,,0.62613,10,,1,0.98538554
"{13902, 13647}",,,,,,,0.88539,0.80538,,,,7,,1,0.9942537
"{70480, 49827}",,,,,,,0.7045399999999999,0.65317,,,0.72468,2,,1,0.98262286
"{31531, 53151}",,,,,,,0.79187,0.84247,,,,3,,1,0.96932864
"{18809, 64804}",,,,,,,0.74505,0.74063,,,0.7427199999999999,-6,,1,0.98428
"{54314, 18387}",,,,,,,0.92345,,,,0.49837,2,,1,0.97155803
"{38451, 10493}",,,,,,,0.8134399999999999,0.8331799999999999,,0.2214,0.76974,3,0.0,1,0.99356854
"{75170, 74803}",,,,,,,0.70645,0.76881,,,0.60542,-1,,1,0.9888489
"{19456, 58819}",,,,,,,0.67176,0.8640399999999999,,,0.46974,5,0.0,1,0.97208256
"{68768, 7951}",,,,,,,0.70935,0.67681,,,0.64525,-9,,1,0.9717434
"{10493, 25159}",,,,,,,0.76874,0.67085,,0.70177,0.80435,-7,,1,0.98846686
"{4817, 12423}",,,,,,,0.78604,0.51263,0.33642,,0.8406899999999999,3,,1,0.98478335
"{23769, 18861}",,,,,,,0.8430799999999999,0.8222200000000001,,,0.33628,-11,,1,0.97118795
"{36235, 30147}",,,,,,,0.84472,,0.57604,,0.8578,4,,1,0.97370154
"{32665, 62598}",,,,,,,0.74178,0.66422,,0.68529,0.78806,-2,,1,0.98904324
"{58060, 53268}",,,,,,,0.7559100000000001,0.79177,,-0.16744,0.7448899999999999,-3,0.0,1,0.983296
"{74803, 43751}",,,,,,,0.87915,0.78355,,,0.6496,-5,,1,0.99456245
"{33872, 68202}",,,,,,,0.7710600000000001,0.70743,,,0.6583,-9,,1,0.97275555
"{66481, 17947}",,,,,,,0.8532299999999999,0.78387,,,0.46453,0,0.0,1,0.9867661
"{19456, 57777}",,,,,,,0.66782,0.80135,,,0.5939300000000001,6,0.0,1,0.97836477
"{45771, 45799}",,,,,,,0.87934,0.76447,,,,0,,1,0.97576046
"{74073, 45771}",,,,,,,0.82531,0.88382,,,0.46906,-11,,1,0.9844774
"{66513, 51700}",,,,,,,0.70994,0.71829,0.01905,,0.67766,3,,1,0.9851061
"{70248, 1546}",,,,,,,0.56508,0.78194,0.17,,0.46808,-2,,1,0.9749679
"{64131, 29283}",,,,,,,0.5948,0.80308,,0.63205,0.56602,-6,0.1,1,0.9797484
"{66481, 46695}",,,,,,,0.8943399999999999,0.68534,,,,4,0.14286,1,0.9887516
"{4212, 51700}",,,,,,,0.8454299999999999,0.8259299999999999,,,0.68862,-9,0.0,1,0.9920815
"{31817, 45771}",,,,,,,0.8348200000000001,0.77895,,,,-4,,1,0.97188956
"{74803, 12382}",,,,,,,0.83362,0.6859999999999999,,,0.5993,5,,1,0.9792454
"{56264, 21579}",,,,,,,0.4829199999999999,0.77104,,,0.6593600000000001,-5,,1,0.9749774
"{68202, 38462}",,,,,,,0.68302,0.77287,,,0.6069399999999999,-10,0.0,1,0.97835743
"{4817, 74398}",,,,,,,0.93026,0.76741,,,,-5,,1,0.9923113
"{76345, 41998}",,,,,,,0.6807,0.90742,,,,10,,1,0.9769688
"{23069, 68087}",,,,,,,0.76288,0.7590100000000001,,,0.34953,14,,1,0.97894305
"{68048, 819}",,,,,,,0.90969,,,0.5664600000000001,0.6332,4,,1,0.98778886
"{45771, 13902}",,,,,,,0.91758,0.8457600000000001,,,,4,,1,0.9938133
"{48636, 37436}",,,,,,,0.73597,0.54066,,0.72615,0.78692,-1,,1,0.98834604
"{68202, 74822}",,,,,,,0.76339,0.79286,,,0.6785800000000001,-11,0.0,1,0.9816727
"{68658, 21259}",,,,,,,0.7551,0.8052600000000001,,,0.8924700000000001,-10,,1,0.9929501
"{41658, 22694}",,,,,,,0.748,0.8239700000000001,,0.36967,0.5999899999999999,9,0.125,1,0.9947221
"{6834, 9443}",,,,,,,0.86155,0.8846200000000001,,,,-4,,1,0.97868675
"{38026, 20789}",,,,,,,0.70692,0.66432,,,0.7409899999999999,-7,,1,0.9710243
"{75706, 32339}",,,,,,,0.91408,0.8590899999999999,,,0.71343,-11,0.03448,1,0.9984615
"{36609, 71719}",,,,,,,0.85919,0.85003,,,0.52275,-1,,1,0.99157387
"{43026, 71719}",,,,,,,0.81852,0.77628,,,0.4817,-6,,1,0.9896282
"{9443, 30147}",,,,,,,0.78445,0.76274,,,,7,,1,0.96904147
"{50507, 74510}",,,,,,,0.73117,0.66666,,0.5991,0.65591,-10,,1,0.9692086
"{61696, 54314}",,,,,,,0.85501,,,,0.8911600000000001,18,,1,0.9754371
"{61414, 75279}",,,,,,,0.80484,0.70828,,,0.62546,3,0.02985,1,0.97983164
"{31004, 3845}",,,,,,,0.72915,0.75151,,,0.66725,-5,0.0,1,0.97362876
"{49773, 30263}",,,,,,,0.8164399999999999,0.79291,,,0.83465,7,,1,0.99670863
"{26712, 74593}",,,,,,,0.5102800000000001,0.8992399999999999,,,0.75435,8,,1,0.99154633
"{40810, 46919}",,,,,,,0.7638199999999999,0.66106,,,0.8743299999999999,-3,,1,0.97989696
"{49346, 74260}",,,,,,,0.6776800000000001,0.76195,,0.41556,0.80048,-4,,1,0.99091655
"{39240, 52234}",,,,,,,0.8773200000000001,0.8247899999999999,0.57655,0.8762200000000001,0.6592100000000001,-9,,1,0.9985397
"{31385, 54212}",,,,,,,0.61425,0.77093,,0.63121,0.5411600000000001,-5,,1,0.9748346
"{41553, 77267}",,,,,,,0.77362,0.76935,,,,13,,1,0.9783175
"{8104, 29489}",,,,,,,0.91297,,,,0.8849600000000001,-5,,1,0.984295
"{68356, 6470}",,,,,,,0.8536100000000001,0.84414,,0.56528,,-1,,1,0.9761861
"{14944, 11966}",,,,,,,0.8992700000000001,,,,0.71249,37,,1,0.9943351
"{40328, 50443}",,,,,,,0.5385,0.7541899999999999,,0.7488,0.74492,-8,,1,0.98794544
"{28376, 30459}",,,,,,,0.88995,0.61168,,,,2,,1,0.97875243
"{42900, 58332}",,,,,,,1.0,,,,1.0,76,,1,0.9952426
"{50865, 56319}",,,,,,,0.7205199999999999,,0.69929,,0.91063,28,,1,0.99008113
"{32667, 13724}",,,,,,,0.7037,0.8096,,,0.61295,-8,,1,0.987181
"{68368, 16486}",,,,,,,1.0,1.0,,1.0,,31,,1,0.9995666
"{31210, 42374}",,,,,,,0.95798,,,,0.96979,14,,1,0.99324715
"{70825, 2157}",,,,,,,0.98444,0.98799,,,,10,,1,0.9959692
"{74010, 46621}",,,,,,,0.77842,0.85882,,,,7,,1,0.96904147
"{17206, 13647}",,,,,,,0.90612,0.77236,,,0.89495,-7,,1,0.9988716
"{70480, 69461}",,,,,,,0.89302,,,,0.90213,-6,,1,0.9833454
"{12684, 6431}",,,,,,,0.7904899999999999,0.85413,,0.13464,0.37622,22,,1,0.9871634
"{45857, 27420}",,,,,,,0.94789,0.8902700000000001,,,,1,,1,0.9938758
"{7300, 28895}",,,,,,,0.64273,0.8218700000000001,,,0.82988,16,,1,0.99560153
"{10720, 65659}",,,,,,,0.65341,,,0.97634,0.90499,-10,,1,0.9745414
"{17206, 50286}",,,,,,,0.87264,0.8235600000000001,,,0.75588,-12,,1,0.9913052
"{21420, 37998}",,,,,,,0.97329,0.94833,,0.92871,,3,,1,0.9991357
"{32667, 56319}",,,,,,,0.8554700000000001,0.74192,,,0.59592,-10,,1,0.9740054
"{48388, 69453}",,,,,,,0.90007,0.95052,,,,27,,1,0.99783796
"{46106, 3355}",,,,,,,0.8598299999999999,,,,0.91351,15,,1,0.97385865
"{53177, 65067}",,,,,,,0.60307,0.7769199999999999,,-0.281,0.72246,5,,1,0.9852792
"{50388, 49773}",,,,,,,0.86013,0.88116,,,,1,,1,0.9785234
