,0,1,2,3,4,5,6,7,8,9,10,11,12,13,14
A,2,1,1,2,2,3,1,0,1,2,0,1,1,1,0
C,0,0,0,0,0,0,0,0,0,0,1,0,0,0,0
D,1,2,1,3,1,1,0,0,0,1,1,0,0,0,0
E,1,0,0,0,1,2,1,0,2,1,0,1,0,0,1
F,0,0,0,1,0,0,1,0,0,0,0,0,0,0,0
G,1,1,1,2,1,0,3,0,4,1,3,2,2,1,2
H,0,0,0,0,0,0,0,0,0,1,0,1,0,0,1
I,0,1,1,1,0,1,1,0,0,0,0,0,1,3,0
K,2,1,1,0,0,1,0,0,1,0,1,0,1,0,0
L,2,1,2,1,2,0,1,0,1,1,0,4,1,3,3
M,1,0,1,0,2,1,1,0,1,0,0,0,0,0,0
N,0,1,0,1,0,0,1,0,0,0,0,0,0,2,2
P,0,0,0,1,2,1,0,0,1,0,2,0,3,0,1
Q,0,1,0,0,0,1,0,0,0,1,1,0,0,1,2
R,0,3,1,0,1,0,1,0,0,0,1,1,0,0,1
S,2,0,0,1,0,2,1,10,2,5,3,4,2,2,2
T,1,1,1,1,2,2,2,2,1,2,0,0,2,1,0
V,1,2,3,0,0,0,1,0,1,0,1,1,2,1,0
W,0,0,0,0,0,0,0,0,0,0,0,0,0,0,0
Y,1,0,2,1,1,0,0,3,0,0,1,0,0,0,0
